Trial,ND,Genotype,OnTransientPositive,OffTransientNegative,SteadyState,Repeat,Fly
1,0,Gal4,2.78068592418313,-0.184661728430216,-14.8384885995793,1,26
2,0,Gal4,2.35214141190358,-0.200577153566638,-17.2330662970044,2,26
3,0,Gal4,10.4969418734248,-8.23223021616639,-14.9638559034985,3,26
4,0,Gal4,2.76415215516357,-0.350313512388359,-1.52187686017205,4,26
5,0,Gal4,1.30953792736058,-0.0485508513654356,-10.5490998845203,5,26
6,0,Gal4,1.91535568775119,-0.165245991512876,-15.6137682775543,6,26
7,0,Gal4,2.45850600759055,-0.32875724811543,-7.52126429754786,7,26
8,0,Gal4,1.27317628166155,-0.175506482215486,-10.5194667571596,8,26
9,0,Gal4,1.87691228545971,-0.974140294679197,-13.6985972753371,9,26
10,0,Gal4,2.20258859019735,-0.172118229646768,-11.3985546697884,10,26
11,0,Gal4,1.51888819362417,-1.13226985562403,-9.60311045766105,1,30
12,0,Gal4,3.27655538971367,-0.54678537540588,-12.910731272079,2,30
13,0,Gal4,2.9930579963774,-0.565796942679038,-13.4542199808886,3,30
14,0,Gal4,10.9092818991742,-8.34963810643852,-7.34865559022765,4,30
15,0,Gal4,2.45770613147654,-0.654157893629271,-2.36549169328855,5,30
16,0,Gal4,2.27142837146009,-0.183644501004201,-9.05767983954613,6,30
17,0,Gal4,2.19981145520674,-0.444549531522092,-10.7681556620631,7,30
18,0,Gal4,3.03443048030729,-0.392862497353716,-5.95025403885707,8,30
19,0,Gal4,2.46398388295569,-0.187942438509341,-7.33559731346055,9,30
20,0,Gal4,2.73173942205184,-1.31136697735172,-7.57905833304642,10,30
21,0,Gal4,2.66856710345054,-0.724418019564001,-7.4051941385304,1,32
22,0,Gal4,2.05191267464403,-0.697555678183592,-4.79209897163474,2,32
23,0,Gal4,2.28024467448643,-0.78820223956124,-13.6834012134501,3,32
24,0,Gal4,2.45438008865539,-0.418288534767147,-14.2946507479367,4,32
25,0,Gal4,9.76649077739729,-8.76612071459397,-10.7365898875182,5,32
26,0,Gal4,2.42013836548052,-0.673981425140112,-3.10564718599844,6,32
27,0,Gal4,1.2537112414746,-0.154239560763317,-10.6802030531518,7,32
28,0,Gal4,2.38551526717262,-0.514811781716862,-11.6055645976908,8,32
29,0,Gal4,2.67375077307767,-0.44972529240168,-6.42478451381199,9,32
30,0,Gal4,1.82732222932461,-0.286064471972457,-8.11651012659486,10,32
31,0,Gal4,1.75945385478197,-1.90899860169824,-11.2833058367236,1,34
32,0,Gal4,2.40509323780833,-0.53909581437663,-9.15547332935185,2,34
33,0,Gal4,3.16481457853898,-0.550934862577976,-3.73793003464658,3,34
34,0,Gal4,1.92330757956624,-0.487410529342537,-13.8968023873259,4,34
35,0,Gal4,1.91046630888767,-0.378787410736257,-15.4973468696139,5,34
36,0,Gal4,9.5031901909847,-8.7559835106681,-11.1795425221964,6,34
37,0,Gal4,2.59356341453136,-0.575930126228993,-3.54295300751702,7,34
38,0,Gal4,1.04271436116355,-0.268296529453785,-10.6908505469863,8,34
39,0,Gal4,2.26295861518983,-0.510406605738753,-12.1340259699916,9,34
40,0,Gal4,2.29684849164867,-0.342823513496859,-6.9353046759661,10,34
41,0,Gal4,1.60372295665348,-0.15765092600855,-8.77762232116248,1,37
42,0,Gal4,1.47638478241803,-1.41107624221506,-11.4977545217003,2,37
43,0,Gal4,2.44268494719505,-0.746908598149513,-9.69667247874483,3,37
44,0,Gal4,3.02092370185363,-0.569805347470187,-4.12244760923127,4,37
45,0,Gal4,1.33177152252562,-0.491749900366766,-14.1607404752465,5,37
46,0,Gal4,2.06996654533591,-0.0517272878914525,-15.5692632842813,6,37
47,0,Gal4,9.44482881121119,-8.26701545988956,-11.1600410864752,7,37
48,0,Gal4,2.62742136756883,-0.612765450250625,-3.17584925555235,8,37
49,0,Gal4,0.748569659478939,-0.254560563225036,-11.2298481170258,9,37
50,0,Gal4,2.01419371479941,-0.425812616780275,-12.3286498260552,10,37
51,0,Gal4,2.28923612103485,-0.389583409770932,-7.27068844078143,1,40
52,0,Gal4,1.24689583506454,-0.441944748479665,-9.481980135493,2,40
53,0,Gal4,1.54607514258409,-1.18199307373824,-11.712349793977,3,40
54,0,Gal4,2.15817798707026,-0.659020172890996,-9.4148021956904,4,40
55,0,Gal4,2.81330649658343,-0.597114174295093,-4.44835270729252,5,40
56,0,Gal4,1.5840912031824,-0.34238556860539,-13.8831016701683,6,40
57,0,Gal4,2.0441020661967,-0.462703422340027,-16.0572795718011,7,40
58,0,Gal4,9.55390633187251,-8.26548616244997,-11.0409996978385,8,40
59,0,Gal4,2.53785356866842,-0.906702862079921,-3.45824046002637,9,40
60,0,Gal4,0.712713751460228,-0.137196050992696,-11.1996562225655,10,40
61,0,Gal4,1.90632851793634,-0.505451705999601,-12.0366076744609,1,44
62,0,Gal4,2.44104603541301,-0.49566304129928,-7.39077699717686,2,44
63,0,Gal4,1.11357694321081,-0.136012495671162,-9.74146273399695,3,44
64,0,Gal4,1.43106649138809,-1.28748683705955,-11.7967274956855,4,44
65,0,Gal4,1.93783087976739,-0.52808341388857,-9.35147420947418,5,44
66,0,Gal4,2.60929130374322,-0.579598528156864,-4.63560814783712,6,44
67,0,Gal4,1.74097012762988,-0.592443157307077,-14.3994510469785,7,44
68,0,Gal4,2.23716459926374,-0.369420858762687,-15.7295054609694,8,44
69,0,Gal4,9.31448807827726,-8.20318869742354,-11.069605350951,9,44
70,0,Gal4,2.47407752341796,-0.56557785017461,-4.05671802059446,10,44
71,0,Gal4,0.615079882006443,-0.200679973797435,-11.5345580218732,1,47
72,0,Gal4,1.92680606626641,-0.597061421587886,-12.2733499009849,2,47
73,0,Gal4,2.44624959272137,-0.403680227637477,-7.50257223423976,3,47
74,0,Gal4,0.857760630778388,-0.142435005913201,-10.0115237913348,4,47
75,0,Gal4,1.31085383313086,-1.56284165481367,-11.9957123009268,5,47
76,0,Gal4,2.11801054762847,-0.629439611498929,-9.29493177666531,6,47
77,0,Gal4,2.50957026044449,-0.67552859880886,-4.7387438411149,7,47
78,0,Gal4,1.87923788111011,-0.557483401653824,-14.4138012663095,8,47
79,0,Gal4,2.32941324016344,-0.218426185091509,-16.2509510957462,9,47
80,0,Gal4,9.24648907234358,-8.1456781092491,-11.2424628808397,10,47
81,0,Gal4,2.48089982516776,-0.627687495190237,-4.04855940075907,1,53
82,0,Gal4,0.607225721614316,-0.137913814843472,-11.2524923938147,2,53
83,0,Gal4,1.90692478110665,-0.469088869428973,-12.0739653420564,3,53
84,0,Gal4,2.39669923116921,-0.399332849637549,-7.5211607775479,4,53
85,0,Gal4,0.896237245350903,-0.31128063047912,-9.47289267843926,5,53
86,0,Gal4,1.37877784944272,-1.33004093780133,-11.985967799933,6,53
87,0,Gal4,2.04515554886297,-0.570775910871918,-9.38478633610612,7,53
88,0,Gal4,2.34455641828364,-0.69446272055543,-4.90968358149562,8,53
89,0,Gal4,2.12486677546077,-0.369530921240534,-14.2753024819725,9,53
90,0,Gal4,2.39336754643975,-0.742166773114885,-16.6847488166394,10,53
91,0,Gal4,9.34142281325962,-8.66219087719286,-11.3589782953944,1,55
92,0,Gal4,2.49167998269472,-0.741207002960997,-4.15589992557582,2,55
93,0,Gal4,0.464061698179085,-0.272877885622124,-11.7105603705905,3,55
94,0,Gal4,1.9820140179439,-0.392433894375058,-11.9104186669143,4,55
95,0,Gal4,2.39459168141623,-0.499112520556269,-7.62753769950664,5,55
96,0,Gal4,0.684955364742062,-0.210014366138674,-10.1220017035805,6,55
97,0,Gal4,1.49049250332041,-1.50339163978875,-12.0749885031108,7,55
98,0,Gal4,2.306482230534,-0.718104024550398,-10.3552261304455,8,55
99,0,Gal4,2.21888847600093,-0.680445703899797,-5.05821399721812,9,55
100,0,Gal4,2.11507603441601,-0.525985626498006,-14.7081958023098,10,55
101,0,Gal4,2.54989732752357,-0.418745575737088,-16.4357842004823,1,57
102,0,Gal4,9.88501587095541,-8.87311211076947,-11.2310450545791,2,57
103,0,Gal4,2.48216915281211,-0.56989594088353,-4.24520527775563,3,57
104,0,Gal4,0.61687792608987,-0.237326219951621,-11.3763428998862,4,57
105,0,Gal4,2.03604089709017,-0.50269851475336,-11.5185201506979,5,57
106,0,Gal4,2.46429773028537,-0.51728317696631,-7.77036101439302,6,57
107,0,Gal4,0.847069579725639,-0.165629353688727,-9.93241755920071,7,57
108,0,Gal4,1.30789875707776,-1.51640956296417,-12.1019009107526,8,57
109,0,Gal4,1.91342518959803,-0.544212042530305,-9.78920006025293,9,57
110,0,Gal4,2.20853312394876,-0.6455867052944,-5.12942046126076,10,57
111,0,CKO,2.2905053804243,0.0257096167305333,-7.65183652363844,1,27
112,0,CKO,5.06020405041468,-3.71653849917137,-11.0330144678882,2,27
113,0,CKO,1.60892773897127,-0.255686602388661,-8.56591974762493,3,27
114,0,CKO,1.44776117573648,0.0967205229127241,-10.8097438988114,4,27
115,0,CKO,2.17363199122627,-0.0971623521008986,-24.3272632143946,5,27
116,0,CKO,2.19305140119846,-0.0714506052865271,-9.44200532670544,6,27
117,0,CKO,2.60577920551508,-0.228588151195568,-8.02825153387769,7,27
118,0,CKO,2.98631210667057,-0.757359991555667,-20.2219790771343,8,27
119,0,CKO,4.77589889555724,-3.65484243146822,-5.51756074771154,9,27
120,0,CKO,2.4529644672104,-0.597683535451145,-15.5366296249779,10,27
121,0,CKO,2.37130654123225,0.171076792009707,-14.262501624986,1,31
122,0,CKO,4.46197594788984,-3.23665635660037,-12.9612676041281,2,31
123,0,CKO,2.78024208037399,-0.208588162576485,-6.10569751905985,3,31
124,0,CKO,4.50737028711255,-3.95895135163496,-6.90651118757895,4,31
125,0,CKO,2.21612246015686,-0.196558003699638,-6.99675803659655,5,31
126,0,CKO,1.53723873490672,-0.51042528055898,-8.79061005788432,6,31
127,0,CKO,2.45333624828421,-0.436543410238748,-20.6435639714218,7,31
128,0,CKO,2.35373398530153,-0.349085461703899,-8.44624688679283,8,31
129,0,CKO,2.1387104071346,-0.538968793635862,-6.40199136372016,9,31
130,0,CKO,3.18722198180848,-0.806704047687848,-14.3171468792942,10,31
131,0,CKO,4.59933149781021,-3.78853581247159,-4.78395677365626,1,33
132,0,CKO,2.52283928129749,-0.587041039435331,-11.9434689955517,2,33
133,0,CKO,3.03641423153083,-0.142471086113227,-9.8110986311278,3,33
134,0,CKO,4.29716819383317,-3.9893358279421,-10.3568432513622,4,33
135,0,CKO,2.92875386008356,-0.0923526580743959,-6.63485302427182,5,33
136,0,CKO,3.92761854427525,-3.70241315993786,-8.3043616177083,6,33
137,0,CKO,1.07217845588147,-0.409770942677163,-7.89303336664603,7,33
138,0,CKO,1.0693429626655,-0.721144511370422,-9.27300154117424,8,33
139,0,CKO,1.76080914394994,-0.647356417994782,-22.4396392699843,9,33
140,0,CKO,2.45396373029812,-0.581086867840865,-8.77057879154993,10,33
141,0,CKO,2.06387835596609,-0.519200869765931,-6.43206088041638,1,35
142,0,CKO,3.36403560084532,-0.809872868833835,-14.6499568938809,2,35
143,0,CKO,4.38518148769414,-3.92285960647341,-4.97269927265706,3,35
144,0,CKO,2.41653214217533,-0.771900215943971,-12.6879664824026,4,35
145,0,CKO,2.12379997695085,-0.30294640581014,-11.1813508864868,5,35
146,0,CKO,3.95840386859692,-3.74739074747364,-10.8603162944872,6,35
147,0,CKO,2.37469214872894,-0.372674852023205,-6.79505914941765,7,35
148,0,CKO,3.70690728351811,-3.67110493238091,-8.76459720013017,8,35
149,0,CKO,0.848162965978224,-0.356278185318816,-8.33868239593457,9,35
150,0,CKO,0.955044278422726,-0.512498204125757,-9.549842825359,10,35
151,0,CKO,1.41362995896543,-0.443746137316467,-22.756306462407,1,39
152,0,CKO,2.23530240993998,-0.514514307994245,-8.97620943706742,2,39
153,0,CKO,1.96086919533505,-0.527775118501031,-6.63215041402433,3,39
154,0,CKO,3.12148200824278,-1.00231576496692,-14.8470577509153,4,39
155,0,CKO,4.30819961973302,-3.73567629801129,-4.91714955591895,5,39
156,0,CKO,2.40045637274746,-0.751008564108758,-13.0094233915155,6,39
157,0,CKO,1.79299761410782,-0.286043626922458,-11.4533027470311,7,39
158,0,CKO,3.92038691805104,-3.67787204606871,-11.4864523886945,8,39
159,0,CKO,2.2552425940986,-0.0465790825180274,-6.85300164795257,9,39
160,0,CKO,3.32043367039973,-3.64228411608799,-9.21358206192081,10,39
161,0,CKO,0.916539187201445,-0.592935628196363,-8.50819070295135,1,46
162,0,CKO,1.13639264095776,-0.470345825200331,-10.0475588407537,2,46
163,0,CKO,1.55231321438258,-0.63610908307728,-23.1824958080609,3,46
164,0,CKO,2.24597893221092,-0.483668086763865,-9.25090458950856,4,46
165,0,CKO,1.84157557162186,-0.560500821904002,-6.90952607427776,5,46
166,0,CKO,2.91099462015453,-0.837357910330091,-15.3102925871963,6,46
167,0,CKO,4.09974342857762,-3.83325907021733,-5.54605466644709,7,46
168,0,CKO,2.26461141410527,-0.807062904642743,-13.0533341126418,8,46
169,0,CKO,1.95867502771994,-0.303260861434831,-12.1960614963973,9,46
170,0,CKO,3.90981377535185,-3.54066882378531,-11.3540338883447,10,46
171,0,CKO,2.13575824864333,-0.25694600061432,-6.85437078778422,1,48
172,0,CKO,3.29244628817925,-3.89803134724272,-9.46430534682106,2,48
173,0,CKO,1.0937904831129,-0.464661926962451,-8.88023043846134,3,48
174,0,CKO,1.1402037608754,-0.56413692881582,-10.3297070583389,4,48
175,0,CKO,1.6002666818702,-0.573313456620493,-22.9761921972502,5,48
176,0,CKO,2.26842688520888,-0.489397991501267,-9.38230419540922,6,48
177,0,CKO,1.77551982905388,-0.56332316198281,-6.93105088849969,7,48
178,0,CKO,2.61434201470813,-0.729929432221518,-15.1408584624641,8,48
179,0,CKO,3.9238666107998,-3.72283764216608,-5.58730602787452,9,48
180,0,CKO,2.23749101132067,-0.773023661442707,-12.9958220274139,10,48
181,0,CKO,2.23076648382512,-0.225875123867597,-12.287450433716,1,50
182,0,CKO,3.6635148141953,-3.73815738600166,-12.171561944086,2,50
183,0,CKO,2.2742924738947,-0.146871787429538,-6.74620059023144,3,50
184,0,CKO,3.44479229002448,-3.84635208526639,-9.67052245605381,4,50
185,0,CKO,1.07868105078746,-0.445322306331688,-8.90645989166654,5,50
186,0,CKO,1.23811259558478,-0.452963079472038,-10.4498998441632,6,50
187,0,CKO,1.84722152994176,-0.679174487081159,-22.93530429373,7,50
188,0,CKO,2.14286123744566,-0.350277424588651,-9.44540573636538,8,50
189,0,CKO,1.85615482916099,-0.560175520570092,-7.05300986794887,9,50
190,0,CKO,2.58370660689044,-0.775330025826008,-15.0585492308652,10,50
191,0,CKO,3.96522779652546,-3.78453627341992,-5.60548794771811,1,54
192,0,CKO,2.03910807909877,-0.867500569233886,-13.021643611816,2,54
193,0,CKO,2.17377762754213,-0.280800618695684,-12.5210990756695,3,54
194,0,CKO,3.74019318685928,-3.70897477827087,-11.8485679383944,4,54
195,0,CKO,2.31894080604985,-0.252082520113621,-6.6606775780516,5,54
196,0,CKO,3.15702593462167,-3.63110326693171,-9.54142194658183,6,54
197,0,CKO,1.29016082237971,-0.446263867568829,-8.49268915550608,7,54
198,0,CKO,1.3088463077901,-0.634750659959318,-10.6944702275643,8,54
199,0,CKO,1.74662370337722,-0.734956616090717,-23.3026761736041,9,54
200,0,CKO,2.16809049252136,-0.317996851661091,-9.44287547280498,10,54
201,0,CKO,1.81652820886834,-0.581365544128367,-7.06860483595988,1,56
202,0,CKO,2.91461695105737,-0.707901624718447,-14.5661931558038,2,56
203,0,CKO,3.97709436778548,-3.85979867507994,-5.72557149239179,3,56
204,0,CKO,2.06987875409181,-0.797456808731654,-12.5740172063582,4,56
205,0,CKO,2.18981700237507,-0.30500086297549,-12.5199494751147,5,56
206,0,CKO,3.95381220408341,-3.65780737417332,-12.5917846764396,6,56
207,0,CKO,2.58499152901684,-0.25473954810453,-6.61200726759234,7,56
208,0,CKO,3.10798927532429,-3.75549002926785,-9.99818411242911,8,56
209,0,CKO,1.11814100097103,-0.741816275394765,-8.72786828709427,9,56
210,0,CKO,1.25516630133399,-0.594151575290304,-10.8374060332292,10,56
211,0,CKO,1.66825420843814,-0.680125569564936,-23.4109814974374,1,58
212,0,CKO,1.98904848008823,-0.363228444505491,-9.69813104308198,2,58
213,0,CKO,1.73718847653648,-0.627605187621817,-7.21526107532255,3,58
214,0,CKO,2.86752178566657,-0.754769711641368,-13.9089832546323,4,58
215,0,CKO,4.01194579884574,-3.88998308877612,-5.72103591177064,5,58
216,0,CKO,2.09236693303229,-0.82530717575272,-12.7286059923662,6,58
217,0,CKO,2.14733980437169,-0.269802763963856,-12.8504773138194,7,58
218,0,CKO,3.89837116772625,-3.51508705234019,-12.4522346163184,8,58
219,0,CKO,2.61908118282563,-0.214677226923787,-6.61699190527419,9,58
220,0,CKO,3.16937583070934,-3.9068922086576,-9.94434779196858,10,58
221,0,CKO,1.0359595828566,-0.595521606613566,-9.44213157711409,1,60
222,0,CKO,1.30741046832407,-0.460512736527919,-10.8967302604888,2,60
223,0,CKO,1.910499674915,-0.695158152019562,-23.2244280948353,3,60
224,0,CKO,1.98921150791369,-0.567154859468419,-9.82207041079363,4,60
225,0,CKO,1.83594624262507,-0.582140396207025,-7.10874575017327,5,60
226,0,CKO,3.01445321973189,-0.71825038048082,-13.9531784629423,6,60
227,0,CKO,4.04876468146099,-3.88626135227663,-5.8539827705527,7,60
228,0,CKO,2.23285236916375,-0.775116079229853,-12.3602588902976,8,60
229,0,CKO,2.125608171283,-0.200965512419183,-12.9933256490932,9,60
230,0,CKO,3.69610320228478,-3.66156486320619,-12.6342861289197,10,60
231,1,Gal4,3.74820636811836,0.00117605586510905,-13.9755281466808,1,26
232,1,Gal4,2.8024840433241,-0.222378493008906,-12.6937099083883,2,26
233,1,Gal4,7.36929771927025,-5.23871216415019,-15.2592056345993,3,26
234,1,Gal4,3.23368240745464,-0.205092143593343,-0.792883185559772,4,26
235,1,Gal4,2.10574155730332,0.249163135146917,-11.3697596214356,5,26
236,1,Gal4,2.37505562239762,-0.228853651726162,-19.5915910212082,6,26
237,1,Gal4,1.95816193529704,-0.483136151145744,-7.403770811149,7,26
238,1,Gal4,2.31237857950351,-0.0169850588821596,-10.3016153767285,8,26
239,1,Gal4,2.75998629619707,-1.16065280141279,-13.5112366262339,9,26
240,1,Gal4,3.11700695142147,-0.171523892090368,-12.252300916806,10,26
241,1,Gal4,1.81656684130875,-0.990481321246598,-8.74169500104187,1,30
242,1,Gal4,3.61309984422399,-0.344981184267454,-12.1377638646148,2,30
243,1,Gal4,3.12324097529058,-0.305240195998518,-9.68034915105622,3,30
244,1,Gal4,10.2076854071594,-7.55377364157894,-9.15017934867753,4,30
245,1,Gal4,3.31933491576492,-0.344988699008692,-1.99568311851351,5,30
246,1,Gal4,2.97372241388237,-0.19743049538299,-8.89010329779841,6,30
247,1,Gal4,2.65813708204962,-0.725075218069478,-13.1647645845924,7,30
248,1,Gal4,3.10444150008903,-0.599058717016689,-5.7344885372206,8,30
249,1,Gal4,2.57182842277379,-0.165479895426559,-8.62115971000045,9,30
250,1,Gal4,3.3834588784182,-2.06410474781906,-7.85081203862787,10,30
251,1,Gal4,3.75453535355341,-1.26538733307701,-7.87126193012861,1,32
252,1,Gal4,2.50622632933269,-0.832333113285012,-5.30288984826713,2,32
253,1,Gal4,3.93201700551631,-0.784269485050602,-13.0631076731214,3,32
254,1,Gal4,2.90122737764791,-0.217863575261287,-11.0138474034607,4,32
255,1,Gal4,10.7001637597198,-8.69379434473782,-11.5993351411768,5,32
256,1,Gal4,2.98871919457556,-0.717300622012039,-2.4758452667416,6,32
257,1,Gal4,1.91740643416599,-0.205227012616442,-10.5598251979822,7,32
258,1,Gal4,2.18654089772823,-0.901831552704664,-14.0559772911833,8,32
259,1,Gal4,2.99102447419996,-0.356197734489319,-6.29714227815396,9,32
260,1,Gal4,2.40105097265701,0.02022183141111,-8.71800861605165,10,32
261,1,Gal4,2.41435611013236,-1.32150692566177,-10.5183722469975,1,34
262,1,Gal4,3.20038959545536,-1.03923778852192,-9.68653166081943,2,34
263,1,Gal4,2.83281525197293,-0.326971380119327,-4.2490927729333,3,34
264,1,Gal4,3.92213682181835,-0.603475796779094,-12.4234366994976,4,34
265,1,Gal4,2.86355342403561,-0.147707658973772,-11.283266387569,5,34
266,1,Gal4,10.9860881537674,-8.60372716748051,-11.3464129197739,6,34
267,1,Gal4,2.88383748809388,-0.433937778993991,-2.73930643966669,7,34
268,1,Gal4,2.01092811711019,-0.347162084009506,-10.6735687813574,8,34
269,1,Gal4,2.24395277438369,-0.851966376480224,-14.1764577993515,9,34
270,1,Gal4,2.57999816226895,-0.601638745061745,-6.7338141165134,10,34
271,1,Gal4,2.33235501317961,-0.0904465035041451,-9.46881679036054,1,37
272,1,Gal4,2.34043827637682,-1.1212317707629,-10.8536010170988,2,37
273,1,Gal4,3.54507088217928,-1.14445591119636,-9.56054755998361,3,37
274,1,Gal4,2.69280225068221,-0.344983486926838,-4.08909428170862,4,37
275,1,Gal4,3.67157719850677,-0.884333394934215,-13.5437386869779,5,37
276,1,Gal4,2.5195218689857,-0.0922325542352525,-11.0092541240473,6,37
277,1,Gal4,10.8394651014671,-8.79722078652073,-11.5163457618988,7,37
278,1,Gal4,2.81131951760815,-0.383206985562309,-2.5321226490462,8,37
279,1,Gal4,2.2969949418859,-0.202368268287865,-11.0190160380903,9,37
280,1,Gal4,2.27523622152202,-0.838155555789237,-14.1463730321542,10,37
281,1,Gal4,2.85199906078263,-0.769585310964302,-7.09612848279873,1,40
282,1,Gal4,2.25430453284936,-0.30734779155673,-9.55397688474453,2,40
283,1,Gal4,2.45472172134879,-1.68355715769013,-12.0499025060088,3,40
284,1,Gal4,3.67976753302454,-1.19209027265713,-10.0564259697182,4,40
285,1,Gal4,2.57268270774904,-0.518659251994683,-4.51854909133489,5,40
286,1,Gal4,3.07518700733936,-1.10997780058026,-13.5804693709792,6,40
287,1,Gal4,2.10338588638257,-0.30573393018715,-11.5053963135999,7,40
288,1,Gal4,8.75581846030289,-7.98595353383624,-11.8324257390217,8,40
289,1,Gal4,2.7948981921084,-0.301448335043843,-2.97029701397604,9,40
290,1,Gal4,2.26459676081742,-0.205031124700797,-11.0717832731478,10,40
291,1,Gal4,2.4006275212939,-1.02032629900339,-14.1359590517808,1,44
292,1,Gal4,2.88306782121805,-0.752575006386075,-7.28756543216921,2,44
293,1,Gal4,2.22977565800659,-0.26346995954539,-9.9427497305376,3,44
294,1,Gal4,2.43171558006487,-1.3318047240376,-11.1465333377055,4,44
295,1,Gal4,3.32020655134755,-1.28468385194914,-9.47141819932899,5,44
296,1,Gal4,2.47840916931435,-0.664445853809121,-4.95309317839153,6,44
297,1,Gal4,3.67301223511578,-0.793859986359038,-13.8749947475156,7,44
298,1,Gal4,2.57369917093439,-0.222210292290402,-13.1142886772196,8,44
299,1,Gal4,9.70955741815096,-8.16812778716684,-11.9959442924262,9,44
300,1,Gal4,2.84970416410984,-0.385582266972138,-2.54531319016223,10,44
301,1,Gal4,2.34649100967531,-0.232370011684131,-11.2555587318483,1,47
302,1,Gal4,2.40046142770365,-0.859297842811678,-13.924237452891,2,47
303,1,Gal4,2.80907220011653,-0.685084151176281,-7.48218536083823,3,47
304,1,Gal4,2.01620449976722,-0.283300117417232,-10.0398200618336,4,47
305,1,Gal4,2.48368581538613,-1.32000488911799,-11.9818135194227,5,47
306,1,Gal4,3.41285982202297,-1.2237900708881,-9.47386750723098,6,47
307,1,Gal4,2.5262753923023,-0.575730272115509,-4.65307086892505,7,47
308,1,Gal4,2.99331191887862,-0.971575350479039,-13.9389417139795,8,47
309,1,Gal4,2.40201662038438,-0.391389877074667,-11.9390521391619,9,47
310,1,Gal4,9.05059038717392,-7.84062336237331,-11.9899023217954,10,47
311,1,Gal4,2.93137318977061,-0.377452235791694,-3.28607933081316,1,53
312,1,Gal4,2.17491239869663,-0.340984855204626,-11.3721719399211,2,53
313,1,Gal4,2.30277870389648,-0.882474405327317,-13.8698073574193,3,53
314,1,Gal4,2.86598398126852,-0.653795126149524,-7.51331242469084,4,53
315,1,Gal4,1.98766014679696,-0.255132723367417,-10.0684848135589,5,53
316,1,Gal4,2.44153401916756,-1.95378953265841,-11.6643499596939,6,53
317,1,Gal4,3.04264080689776,-1.40258859792449,-9.56344883948123,7,53
318,1,Gal4,2.61100386826801,-0.649275443883615,-4.90156218409469,8,53
319,1,Gal4,2.70893178268914,-1.01518693552974,-14.0317788191115,9,53
320,1,Gal4,3.03614260762286,0.0484241000210019,-11.813816243648,10,53
321,1,Gal4,7.35929326447981,-7.65926333540571,-11.9468286049108,1,55
322,1,Gal4,2.91139100142169,-0.365210783207047,-2.77421413353748,2,55
323,1,Gal4,1.96286071545173,-0.427274429363667,-11.4642649046235,3,55
324,1,Gal4,2.30575728223107,-0.924367445273766,-13.8785745109606,4,55
325,1,Gal4,2.86624521507856,-0.639296736217504,-7.63787645215739,5,55
326,1,Gal4,1.96820522662116,-0.162705744523853,-10.2312989059518,6,55
327,1,Gal4,2.57644442041004,-1.4445413112334,-11.148645690786,7,55
328,1,Gal4,3.00089400381735,-1.44424718463261,-9.64143109352781,8,55
329,1,Gal4,2.62078961626913,-0.756964194897608,-4.9353512631691,9,55
330,1,Gal4,2.67935939830583,-1.11547836701832,-13.9946352165791,10,55
331,1,Gal4,2.07078658084141,0.058297101979365,-12.4903319424806,1,57
332,1,Gal4,7.90666177693027,-7.46297254636605,-12.1598843461693,2,57
333,1,Gal4,2.83214552566465,-0.383105030085972,-3.37341417777265,3,57
334,1,Gal4,2.16962317894552,-0.333773271124668,-11.460142266109,4,57
335,1,Gal4,2.304557757715,-0.944207905080805,-13.6196752957009,5,57
336,1,Gal4,2.91657781613134,-0.712766906232915,-7.63159022770129,6,57
337,1,Gal4,1.96790810621575,-0.140641691200253,-9.88256190873383,7,57
338,1,Gal4,2.4560052178277,-2.05694851806654,-11.9743207551432,8,57
339,1,Gal4,3.21317956324498,-1.4633571605004,-9.61961087643296,9,57
340,1,Gal4,2.58717998211196,-0.795278592876092,-4.95659266016338,10,57
341,1,CKO,2.7640964059747,-0.0200950824852129,-7.32383617740984,1,27
342,1,CKO,5.83426639979967,-3.42447221053157,-10.310724571294,2,27
343,1,CKO,2.24593749450202,0.423541465773091,-8.15852047053732,3,27
344,1,CKO,2.10535677469072,0.223641066134178,-10.3519183594315,4,27
345,1,CKO,2.80480690954728,-0.463035418118697,-23.2632492455642,5,27
346,1,CKO,3.17089846119228,-0.644262060442188,-9.64047334646416,6,27
347,1,CKO,3.12031853605951,-0.221451881403112,-8.00047982522716,7,27
348,1,CKO,3.61775596271197,-0.794417687464424,-22.3006724657332,8,27
349,1,CKO,5.65575250633159,-3.34090520440078,-5.89949686027058,9,27
350,1,CKO,2.80413956217288,-0.660225341731092,-16.9155334807851,10,27
351,1,CKO,3.1129712158938,0.130623309797507,-13.0202190263896,1,31
352,1,CKO,5.82753677914661,-2.97058286735171,-11.8816440999209,2,31
353,1,CKO,2.85304178550257,-0.170861733605843,-6.08021383729145,3,31
354,1,CKO,5.46705266044076,-3.65648111215695,-7.63146831918581,4,31
355,1,CKO,3.0168833392465,-0.0986547060642939,-7.466304999854,5,31
356,1,CKO,2.65482948453072,-0.0151196396856275,-8.18731598035401,6,31
357,1,CKO,3.10554072100639,-1.97203115854996,-19.8492896765241,7,31
358,1,CKO,2.91544621051857,-1.31676175822999,-8.67525156873746,8,31
359,1,CKO,2.81562462483287,-0.14264903305739,-6.6189968433433,9,31
360,1,CKO,3.50710044257475,-1.15006515061323,-15.8684852572569,10,31
361,1,CKO,5.11609519287121,-3.30379949491153,-5.43348295149432,1,33
362,1,CKO,2.82184919087281,-0.863893155954724,-13.277887377842,2,33
363,1,CKO,3.49868468515067,-0.1023764078734,-10.0728464197415,3,33
364,1,CKO,5.27791996100412,-3.51724007203557,-9.7010430162108,4,33
365,1,CKO,2.7657548983165,-0.124291036104262,-6.58484091933695,5,33
366,1,CKO,4.72814212133049,-3.63435529427744,-8.89424746315347,6,33
367,1,CKO,2.20211776970671,-0.123058031011118,-7.74270156203739,7,33
368,1,CKO,1.9671013733838,-0.395613974308436,-8.80751648216133,8,33
369,1,CKO,2.49168089817215,-2.07388629926511,-20.7265895053963,9,33
370,1,CKO,2.580498932496,-2.09718512645942,-8.79116315327601,10,33
371,1,CKO,2.61740913612463,-0.319801193532249,-6.58081290463058,1,35
372,1,CKO,3.4429044905577,-1.33492048511704,-16.3453816690291,2,35
373,1,CKO,5.13192252642168,-3.3798971446857,-5.45462032760252,3,35
374,1,CKO,2.58178063967176,-1.2319218489782,-13.6438674538246,4,35
375,1,CKO,3.26706618694604,-0.0335747135986626,-10.5547596868961,5,35
376,1,CKO,5.17992588919746,-3.32521547607331,-9.67376326881995,6,35
377,1,CKO,2.23984282722194,-0.190427478763492,-6.80437470185016,7,35
378,1,CKO,4.70488790952241,-3.85359592138414,-9.0833334272932,8,35
379,1,CKO,2.16168085408457,-0.209350035361069,-7.83068277032229,9,35
380,1,CKO,1.95472471786428,-0.293113985415731,-9.18524024070011,10,35
381,1,CKO,2.78344561409394,-2.60623699823099,-20.9547456505078,1,39
382,1,CKO,2.89111571224276,-2.12941896464361,-8.1260330913803,2,39
383,1,CKO,2.72404174156446,-0.310971225885668,-6.70961490663241,3,39
384,1,CKO,3.33489030659865,-1.4115031184247,-16.3608889558186,4,39
385,1,CKO,5.07281393458015,-3.41099536271581,-5.55049021526868,5,39
386,1,CKO,2.59608393896061,-1.34454592011177,-13.9057229887733,6,39
387,1,CKO,3.10652325106711,-0.0354416228144281,-10.9668587557402,7,39
388,1,CKO,5.28829191439751,-3.67440015257591,-10.6258967949154,8,39
389,1,CKO,2.17930405213034,-0.189481734944529,-6.83393865678039,9,39
390,1,CKO,4.63116631540952,-3.83783412518216,-9.33671490001799,10,39
391,1,CKO,1.99190750232637,-0.115185242787286,-8.24355894050815,1,46
392,1,CKO,1.96631827628725,-0.296650137206878,-9.51677416087725,2,46
393,1,CKO,2.54372804928077,-2.95013632795139,-21.3125673278411,3,46
394,1,CKO,2.79730520164447,-2.3437932002554,-9.03562728586315,4,46
395,1,CKO,2.80444161910668,-0.449158043240521,-6.89721174045838,5,46
396,1,CKO,3.35746140648358,-1.50951121982699,-17.0149632963976,6,46
397,1,CKO,4.98868374833647,-3.50704714733637,-5.80214820057575,7,46
398,1,CKO,2.6955468383402,-1.38936548223157,-13.9593294351682,8,46
399,1,CKO,2.83401972480927,-0.0674397576777803,-11.2583692345397,9,46
400,1,CKO,5.04182298305143,-3.40138085865937,-10.6826194694998,10,46
401,1,CKO,2.26201222795118,-0.0929437631816556,-6.94105631781376,1,48
402,1,CKO,4.68939462688008,-3.71490793537055,-9.63293469805265,2,48
403,1,CKO,2.11305695070683,-0.281851099323635,-8.75659284933344,3,48
404,1,CKO,1.76798393848392,-0.179088472785331,-9.54625042800432,4,48
405,1,CKO,2.43039641659876,-2.96115959129429,-21.5702365664245,5,48
406,1,CKO,2.87880453884317,-2.70783862830547,-8.67657186159791,6,48
407,1,CKO,2.56242296470859,-0.622671292668808,-7.10116423920324,7,48
408,1,CKO,3.24091599815553,-1.74697974629691,-16.9062076437777,8,48
409,1,CKO,5.14483333155759,-3.57595829040851,-5.83489195623029,9,48
410,1,CKO,2.6652688329675,-1.35106641794717,-13.4820108497677,10,48
411,1,CKO,2.73072312704087,-0.142198683801292,-11.4338473918122,1,50
412,1,CKO,5.08633416778266,-3.54774085790813,-11.3063031707166,2,50
413,1,CKO,2.28197232718488,-0.205095711077369,-6.88948642112845,3,50
414,1,CKO,4.62973329368044,-3.70614988274732,-9.59652175909059,4,50
415,1,CKO,1.95467074019539,-0.288058898081722,-8.91836839696597,5,50
416,1,CKO,1.85508836512183,-0.293592917593589,-9.89317179776908,6,50
417,1,CKO,2.48967020144247,-3.2509171741514,-21.7641147638484,7,50
418,1,CKO,2.86173199886302,-2.99384301242937,-8.8070472478294,8,50
419,1,CKO,2.6803350524878,-0.645822988399086,-7.14687154425549,9,50
420,1,CKO,3.18570635657221,-1.51562902719886,-16.7524195179494,10,50
421,1,CKO,4.8452702406904,-3.41867697393078,-6.04537727198013,1,54
422,1,CKO,2.70286735987584,-1.33270053687693,-13.5762197912635,2,54
423,1,CKO,2.67120911185798,-0.251608885982918,-11.4686789692744,3,54
424,1,CKO,4.77632058921075,-3.30849037939414,-11.5836318556052,4,54
425,1,CKO,2.25133404436556,-0.232295211858339,-6.9533005907634,5,54
426,1,CKO,4.52633901229274,-3.97923344985867,-9.6822342971146,6,54
427,1,CKO,1.81816340183829,-0.273220378157077,-9.06896403210035,7,54
428,1,CKO,1.75509333230394,-0.433194282479525,-10.080288984166,8,54
429,1,CKO,2.72356728542884,-3.61922687873598,-21.3289140561473,9,54
430,1,CKO,2.93399132047059,-2.96385511245678,-9.3215482569767,10,54
431,1,CKO,2.5756586505737,-0.737272601077888,-7.30928222616042,1,56
432,1,CKO,3.3067500141818,-1.50326991244336,-16.5393162382412,2,56
433,1,CKO,4.84477074146314,-3.75824902969915,-6.26193600136495,3,56
434,1,CKO,2.71522897518297,-1.51479510865708,-13.0573715941807,4,56
435,1,CKO,2.63425190338879,-0.234502496759207,-11.881265321125,5,56
436,1,CKO,4.75158143174336,-3.16619258400704,-11.7418513699059,6,56
437,1,CKO,2.42933086970238,-0.240244201315467,-6.81211160822009,7,56
438,1,CKO,4.69043148310326,-3.88521851956039,-9.7419742491479,8,56
439,1,CKO,1.85373893281183,-0.479130674379084,-9.15616758422307,9,56
440,1,CKO,1.73160924702054,-0.16905981112513,-10.3955001952318,10,56
441,1,CKO,2.52442046154971,-3.62477451481096,-21.7077595933443,1,58
442,1,CKO,2.84325491983013,-3.05097122978492,-9.17153021400095,2,58
443,1,CKO,2.65964184274387,-0.809550775884097,-7.29159520557512,3,58
444,1,CKO,3.31571366057352,-1.50138347115584,-16.3936262194593,4,58
445,1,CKO,5.01596442459221,-3.47242958061374,-6.25485378240974,5,58
446,1,CKO,2.59169267615091,-1.57660121309099,-13.2366053212047,6,58
447,1,CKO,2.68064869407323,-0.230683328626876,-11.8726367809885,7,58
448,1,CKO,4.92346488535325,-3.39064727952905,-11.446863539913,8,58
449,1,CKO,2.57849202062839,-0.319383686505078,-6.86344032651112,9,58
450,1,CKO,4.57624417364064,-3.86840867777437,-9.89283379724096,10,58
451,1,CKO,1.89103056591001,-0.554316509962602,-8.90389910637079,1,60
452,1,CKO,1.71034148676693,-0.477704338855103,-10.4531142801551,2,60
453,1,CKO,2.65744267228662,-3.97485134350691,-21.8731024253513,3,60
454,1,CKO,2.7941564623659,-3.11326472492789,-9.29586196985594,4,60
455,1,CKO,2.67637170963788,-0.868706775465506,-7.31561512010673,5,60
456,1,CKO,3.40257008998462,-1.31072950803751,-15.6728213916274,6,60
457,1,CKO,4.75769037084052,-3.54822576889092,-6.08273817942441,7,60
458,1,CKO,2.62058714048011,-1.42678449657234,-13.3770230522294,8,60
459,1,CKO,2.70413759024049,-0.360763568654578,-12.1734275881843,9,60
460,1,CKO,4.82711383160213,-3.43500463319589,-12.1135372840604,10,60
461,2,Gal4,4.17986511648356,-3.437448282138,-11.2490940724815,1,26
462,2,Gal4,3.20800471990903,-3.52438159126083,-10.3374673894835,2,26
463,2,Gal4,3.01465959750582,-1.6820632999588,-13.7813118673289,3,26
464,2,Gal4,3.18073214557152,-1.3641069237103,-0.587245279066564,4,26
465,2,Gal4,3.03950218496025,-2.01980243055111,-10.8188200534383,5,26
466,2,Gal4,2.38730174454951,-1.36503396674114,-15.9160226083395,6,26
467,2,Gal4,2.15603523491504,-1.13507074718987,-6.55863048844309,7,26
468,2,Gal4,2.96508355370322,-1.83681219619763,-9.62861326459503,8,26
469,2,Gal4,4.16784193278589,-2.51872724191972,-13.0620084905036,9,26
470,2,Gal4,3.53428776207729,-1.29578299733603,-8.94493838023599,10,26
471,2,Gal4,2.31993461121376,-1.08109795959796,-6.88734256712499,1,30
472,2,Gal4,4.13791050391451,-7.17167744719862,-11.0065359137991,2,30
473,2,Gal4,3.33044971327799,-5.29312053982808,-9.62725523751903,3,30
474,2,Gal4,3.35974026009053,-2.62293310473485,-10.7070604853108,4,30
475,2,Gal4,3.35552745817543,-1.75501575763933,-2.05617577632231,5,30
476,2,Gal4,3.02866660141252,-3.91792058839437,-11.3215709356316,6,30
477,2,Gal4,2.63833479278217,-1.31899781056717,-13.6544457947341,7,30
478,2,Gal4,3.20651723506467,-0.780659631730681,-5.66724107160888,8,30
479,2,Gal4,2.44070813863502,-3.16703777120205,-9.08768992539981,9,30
480,2,Gal4,4.17624595458915,-2.63506282841538,-11.8309235761705,10,30
481,2,Gal4,3.78878968981891,-2.26504040819034,-7.84103596915938,1,32
482,2,Gal4,2.84603587960661,-2.09987088011724,-5.09352497470041,2,32
483,2,Gal4,4.3199768709273,-7.36076224521377,-11.285671345413,3,32
484,2,Gal4,3.41832965712456,-5.86693212858773,-10.2596207081628,4,32
485,2,Gal4,3.30607238023688,-2.96944737462396,-11.4520943048709,5,32
486,2,Gal4,3.33745186196997,-1.60672929288468,-2.33533003777806,6,32
487,2,Gal4,2.52889683412043,-4.52869555141744,-11.4915697552502,7,32
488,2,Gal4,2.44069732620701,-1.31596018138987,-13.9065148130645,8,32
489,2,Gal4,3.11800200422783,-0.945902094654655,-6.08686807296953,9,32
490,2,Gal4,2.65487989623994,-3.70376390401419,-9.64329593644544,10,32
491,2,Gal4,3.055869664508,-3.10889357811769,-12.3532027790544,1,34
492,2,Gal4,3.81923980270091,-2.2897988958023,-8.43988331668254,2,34
493,2,Gal4,2.52610607279455,-1.58595012070016,-6.21235101002011,3,34
494,2,Gal4,4.01955386410463,-7.32720568781119,-10.9031141531866,4,34
495,2,Gal4,3.04441261437785,-5.58416060735642,-9.54802247641977,5,34
496,2,Gal4,3.28982234223739,-3.0682629099239,-11.5929676623736,6,34
497,2,Gal4,3.33845108139224,-1.91931498424682,-2.50772869511572,7,34
498,2,Gal4,2.9274822122783,-4.56650834752292,-11.7287615545812,8,34
499,2,Gal4,2.62105973086218,-1.24033625388514,-13.8786301940904,9,34
500,2,Gal4,3.12026407895496,-0.98423427328434,-6.21229551764371,10,34
501,2,Gal4,2.49238617212646,-3.92857553097841,-9.18645513802415,1,37
502,2,Gal4,3.576928437635,-2.87598132942018,-11.3348150166417,2,37
503,2,Gal4,3.62004215129641,-2.39693672326417,-8.43988128097159,3,37
504,2,Gal4,2.52428407576446,-1.62017410767971,-5.86484162735069,4,37
505,2,Gal4,4.13548581619046,-7.72241883599929,-11.2734355586096,5,37
506,2,Gal4,3.09875185116372,-5.60660989021622,-10.3759614674906,6,37
507,2,Gal4,2.9789597024445,-3.47476981115148,-11.704555033817,7,37
508,2,Gal4,3.31515699515449,-1.8187578851579,-2.18685933875102,8,37
509,2,Gal4,2.8255830957197,-4.70357058986424,-11.7747103063745,9,37
510,2,Gal4,2.61924191281118,-1.22664791991026,-13.879767411679,10,37
511,2,Gal4,3.19529857066104,-0.887659473313452,-6.28379615265279,1,40
512,2,Gal4,2.50587240000232,-4.0109385385374,-9.3455536785877,2,40
513,2,Gal4,3.41030477464688,-3.06633960002194,-11.2828661752249,3,40
514,2,Gal4,3.80369613153441,-2.36662495755622,-8.268556671336,4,40
515,2,Gal4,2.4758684282771,-1.42413569124212,-5.72617448176565,5,40
516,2,Gal4,4.56639041887685,-7.11637284583245,-12.206077610982,6,40
517,2,Gal4,3.25354610570969,-6.55600539537457,-9.90770453636936,7,40
518,2,Gal4,5.17852812231377,-4.02486031106902,-11.7893620139935,8,40
519,2,Gal4,3.37626379687174,-2.26915319351661,-2.49375659239142,9,40
520,2,Gal4,2.97973067089189,-4.55105632333629,-11.1040869042149,10,40
521,2,Gal4,2.49750217691973,-1.17611419745899,-13.8119682004388,1,44
522,2,Gal4,3.14563280258786,-0.833226521712335,-6.30865796157619,2,44
523,2,Gal4,2.30611637083414,-4.0834024689074,-9.49511143203362,3,44
524,2,Gal4,3.38702786075296,-3.15018121835378,-11.2696461828501,4,44
525,2,Gal4,3.76515209533387,-2.3736992481541,-8.09792000533466,5,44
526,2,Gal4,2.60132791966352,-1.35329719455522,-5.68736792556345,6,44
527,2,Gal4,4.84245798527966,-8.02065819139471,-11.5804270542307,7,44
528,2,Gal4,3.2460867178064,-6.05415260227576,-10.6482372158738,8,44
529,2,Gal4,6.25638389947241,-4.91855525643886,-11.6933176942808,9,44
530,2,Gal4,3.36292217509714,-2.46549026993398,-2.37107046890971,10,44
531,2,Gal4,2.61337584882724,-4.50325642837537,-11.7084427028756,1,47
532,2,Gal4,2.22208006947693,-1.26920827727928,-14.1005615540047,2,47
533,2,Gal4,3.13693361174011,-0.898954711155364,-6.40168626995162,3,47
534,2,Gal4,2.51062151877755,-4.62788150845238,-9.92390874339841,4,47
535,2,Gal4,3.08050885606549,-3.27751127013163,-12.13757561372,5,47
536,2,Gal4,3.65842485289051,-2.43521684693685,-8.4940703986232,6,47
537,2,Gal4,2.66982824393258,-1.40620959559978,-5.54033602086755,7,47
538,2,Gal4,3.83401441581575,-7.41181863481474,-11.3626273334219,8,47
539,2,Gal4,3.32903499218188,-6.24538486182306,-10.2657528225817,9,47
540,2,Gal4,7.34290671388584,-6.08333346730874,-11.713512565926,10,47
541,2,Gal4,3.37001976641523,-2.2923141383918,-2.31082439123234,1,53
542,2,Gal4,2.79620843637051,-4.79396146503016,-11.2050487380928,2,53
543,2,Gal4,2.2970928530133,-1.16967100323132,-13.5606581692116,3,53
544,2,Gal4,2.96769506275165,-0.934579587061691,-6.45209608596828,4,53
545,2,Gal4,2.53094065968555,-4.44133539608019,-9.58181815322595,5,53
546,2,Gal4,3.26292774416753,-3.41911020481928,-11.4435289876529,6,53
547,2,Gal4,3.62787231201635,-2.19674700284056,-8.48543290249625,7,53
548,2,Gal4,2.69432665229278,-1.64415171846763,-5.73903653214065,8,53
549,2,Gal4,4.03801507864053,-7.63587653960244,-12.0102555173317,9,53
550,2,Gal4,3.22392194261663,-6.33805447248318,-10.8698796885276,10,53
551,2,Gal4,7.76986315340794,-6.24725622513379,-11.6717761784017,1,55
552,2,Gal4,3.3769541044133,-2.75552040940398,-2.34284574744131,2,55
553,2,Gal4,2.59221951617404,-5.15329070859177,-11.2688493732237,3,55
554,2,Gal4,2.59765530933099,-1.27769654807774,-13.981974685168,4,55
555,2,Gal4,3.28515818157142,-1.0443498146575,-6.46942824629545,5,55
556,2,Gal4,2.49911539531384,-4.82038336486907,-9.55274431119085,6,55
557,2,Gal4,3.04434015043669,-3.51684428729929,-11.2411961898607,7,55
558,2,Gal4,3.48080005904771,-2.46488992381814,-8.66887811368927,8,55
559,2,Gal4,2.63536748303389,-1.47428920256226,-6.00736081670345,9,55
560,2,Gal4,4.17042901336233,-7.60464121048743,-11.5833696562478,10,55
561,2,Gal4,2.91314288702236,-6.42741712767516,-10.9918712526344,1,57
562,2,Gal4,8.41641786205262,-6.2118543578893,-11.6418004585552,2,57
563,2,Gal4,3.33217385528467,-2.7458607871463,-2.37541385103563,3,57
564,2,Gal4,2.53818020579385,-5.01316975785216,-11.4383693257942,4,57
565,2,Gal4,2.54536132231412,-1.07786962967502,-14.0800699696849,5,57
566,2,Gal4,3.28727685459012,-0.887047655052809,-6.56978391543763,6,57
567,2,Gal4,2.48941146165754,-4.70668213874387,-9.54443861817649,7,57
568,2,Gal4,3.22372279237434,-3.98302747311619,-11.512051838545,8,57
569,2,Gal4,3.63224628354278,-2.33611044063569,-8.38307640370439,9,57
570,2,Gal4,2.83865199730926,-1.7616020774482,-6.03727178814226,10,57
571,2,CKO,2.38401629704953,-0.790107567150049,-6.36213582691716,1,27
572,2,CKO,5.86765052199968,-4.92681783528285,-9.16912914315603,2,27
573,2,CKO,3.07055469489802,-3.09309333863106,-8.1118796920804,3,27
574,2,CKO,2.71707235748117,-3.11318390983047,-8.97942156894879,4,27
575,2,CKO,3.66110127365856,-5.29460491856198,-22.4765157854605,5,27
576,2,CKO,4.11622654884236,-5.26154707099423,-8.15420365962178,6,27
577,2,CKO,3.61059740258525,-4.17771480106605,-6.49646681469857,7,27
578,2,CKO,4.2454479769256,-2.76926062850108,-19.2649224495342,8,27
579,2,CKO,6.71025480668208,-6.12418760347737,-5.02869542910791,9,27
580,2,CKO,3.53818140254521,-1.75470622836256,-17.4523546864183,10,27
581,2,CKO,3.62856462872913,-3.08530863345208,-10.1299238849122,1,31
582,2,CKO,6.92695443375197,-4.42607970811547,-9.77875918964385,2,31
583,2,CKO,2.59771208658414,-0.767042061508969,-5.50164193481181,3,31
584,2,CKO,6.16140480770858,-5.45261357563716,-9.40741564316597,4,31
585,2,CKO,3.15773410351646,-5.22387894547562,-8.55067000567909,5,31
586,2,CKO,2.67228567613817,-3.79454311013313,-8.2128750357172,6,31
587,2,CKO,3.55011894272772,-5.3018783095186,-20.737666580518,7,31
588,2,CKO,3.60525546950641,-6.21594725994293,-8.57964047087392,8,31
589,2,CKO,3.77608288876343,-5.04382261570088,-6.67416039087014,9,31
590,2,CKO,4.12951270511174,-2.92964584086043,-15.7844903713841,10,31
591,2,CKO,6.2158559770028,-7.80711797803228,-5.94803990180508,1,33
592,2,CKO,3.59139871262744,-2.1507511411501,-14.5589359673623,2,33
593,2,CKO,3.71106743660853,-4.5267698416305,-9.7546479952106,3,33
594,2,CKO,6.37958381385182,-6.45106287708099,-9.61024997149643,4,33
595,2,CKO,2.67158560458052,-0.932822103960484,-5.87057023283708,5,33
596,2,CKO,5.97529931993321,-5.76853115272354,-9.50916992396404,6,33
597,2,CKO,2.87685734901357,-5.69314577768806,-8.56528902482932,7,33
598,2,CKO,2.54743791609928,-4.39260268266519,-8.52451175494652,8,33
599,2,CKO,3.60534076593293,-5.55242499535092,-19.7737446944984,9,33
600,2,CKO,3.77386508099715,-6.8032363951736,-8.18407996900959,10,33
601,2,CKO,3.54960923861247,-5.55486455450172,-6.52644120082396,1,35
602,2,CKO,4.09001410718979,-3.10030718564381,-15.6648424175611,2,35
603,2,CKO,6.00070916285337,-8.03671437187084,-5.91784341217644,3,35
604,2,CKO,3.60850527908736,-2.364400825624,-14.9452748997588,4,35
605,2,CKO,3.6715728024232,-5.05529847632576,-9.8677186128809,5,35
606,2,CKO,6.37936869054937,-6.96475754399614,-9.41681940107639,6,35
607,2,CKO,2.57804543895852,-0.862653889471995,-6.061068030706,7,35
608,2,CKO,5.81309233650318,-5.85247482388382,-9.61510305390436,8,35
609,2,CKO,2.9743337363424,-5.68724792974289,-8.55072953276962,9,35
610,2,CKO,6.9564202124525,-9.03166319457322,-8.87804785469222,10,35
611,2,CKO,3.41167856109807,-5.21409365038087,-18.9180091963103,1,39
612,2,CKO,3.35581342397668,-6.28446361099829,-8.22409745735257,2,39
613,2,CKO,3.38850805130111,-5.68888957729827,-6.73075188535617,3,39
614,2,CKO,3.75651618406262,-3.41036048845957,-15.3261698052892,4,39
615,2,CKO,5.87391353872163,-8.1013222536903,-5.78258945801844,5,39
616,2,CKO,3.34301795051253,-2.51865000550546,-14.5050678362113,6,39
617,2,CKO,3.49689018366564,-5.15243811359433,-9.79042853394068,7,39
618,2,CKO,6.16190332104643,-7.36355222242501,-9.65004854558235,8,39
619,2,CKO,2.77139172252753,-0.758784779814865,-5.73550696842184,9,39
620,2,CKO,5.78035499274931,-6.08222624077658,-9.6832098007912,10,39
621,2,CKO,2.84286858797611,-5.92728910398809,-8.63194468576626,1,46
622,2,CKO,2.51313944592604,-4.72284813739836,-8.97966385733041,2,46
623,2,CKO,3.10853326847569,-5.49597165802352,-19.2910754453301,3,46
624,2,CKO,3.92782774867013,-6.80188789774577,-8.3184837577761,4,46
625,2,CKO,3.3650558344547,-5.80177470476295,-6.76835758337435,5,46
626,2,CKO,3.50499927178705,-3.10228691012493,-15.1768692003991,6,46
627,2,CKO,5.91097686616498,-8.37260854393429,-6.05159996735105,7,46
628,2,CKO,3.11667580630776,-2.43700770957139,-14.4682033344466,8,46
629,2,CKO,3.67605805059995,-5.43514170355953,-10.1225629186591,9,46
630,2,CKO,6.17757340335153,-7.25983843729743,-9.87090844596824,10,46
631,2,CKO,2.8744522149846,-0.863436308458336,-6.02842495024409,1,48
632,2,CKO,5.76299319997079,-6.24982994058445,-9.66856510286312,2,48
633,2,CKO,2.8019111988337,-5.87433260908118,-8.3987888143716,3,48
634,2,CKO,2.362198848957,-4.66996396439233,-9.45241421991946,4,48
635,2,CKO,3.16879352126296,-5.13416126445311,-18.5513945085915,5,48
636,2,CKO,3.82333788014382,-6.84064347039126,-8.51918134324199,6,48
637,2,CKO,3.43905498695624,-5.84424708992521,-6.91604649779163,7,48
638,2,CKO,3.72196625265038,-3.43045977809085,-14.7544324693085,8,48
639,2,CKO,5.90514595761687,-8.25100345902521,-5.829025344435,9,48
640,2,CKO,3.17093553928432,-2.45902686997999,-13.9429735127142,10,48
641,2,CKO,3.59130258434865,-5.57179637792479,-10.3314321563433,1,50
642,2,CKO,6.1026169759203,-7.61659614264923,-9.69902668108402,2,50
643,2,CKO,2.95124635434281,-0.834247543022484,-5.99140784469546,3,50
644,2,CKO,5.97464639562512,-6.28659786691072,-9.36168201361866,4,50
645,2,CKO,2.56884871294881,-6.15698822480664,-8.66100115569767,5,50
646,2,CKO,2.55471870312804,-5.06217342224326,-9.54483884637013,6,50
647,2,CKO,3.45889808952884,-5.18817006911997,-18.513725526427,7,50
648,2,CKO,3.46049271493352,-6.71763828008342,-8.47740870844044,8,50
649,2,CKO,3.54467806299242,-6.0883144424881,-6.9754340612804,9,50
650,2,CKO,3.67023346428463,-3.68462852536453,-14.904876199832,10,50
651,2,CKO,5.84196018390264,-8.54910150893039,-6.18692462935561,1,54
652,2,CKO,3.23503356249863,-2.42681951841555,-14.1755825583425,2,54
653,2,CKO,3.64221573742445,-5.4921941093036,-10.3755861938641,3,54
654,2,CKO,6.18603269096255,-7.66786692088968,-10.0199037403086,4,54
655,2,CKO,2.97936331236216,-0.699941896943669,-5.99074099826543,5,54
656,2,CKO,5.80350854976952,-6.49539174688954,-9.60126844650392,6,54
657,2,CKO,2.67026994586552,-6.08621466801232,-8.70627745669975,7,54
658,2,CKO,2.47402684193761,-5.04417698571021,-9.5736002062125,8,54
659,2,CKO,3.41441068617809,-5.18602974984091,-18.9039904801647,9,54
660,2,CKO,3.6472316340977,-6.71813636829384,-8.35541095890469,10,54
661,2,CKO,3.595614595793,-6.0526752122931,-6.98444216845547,1,56
662,2,CKO,3.77602251219447,-3.56993117294469,-14.7721342158489,2,56
663,2,CKO,5.99608736132963,-8.35942841437253,-6.24883364177148,3,56
664,2,CKO,3.15662366251888,-2.57783149038987,-14.2315482357008,4,56
665,2,CKO,3.67332576713365,-5.68973319119897,-10.3191184054049,5,56
666,2,CKO,6.15777107490006,-7.79744994096147,-10.2109721693802,6,56
667,2,CKO,3.01675452767195,-0.840461486308254,-5.81356183667401,7,56
668,2,CKO,5.67446263745069,-6.29469568646252,-9.54829202770912,8,56
669,2,CKO,2.84737379315691,-6.19141052863066,-8.77315324881293,9,56
670,2,CKO,2.46563312105525,-5.00870193920062,-9.77788807870183,10,56
671,2,CKO,3.46322555264243,-5.33655606962876,-18.7543464993807,1,58
672,2,CKO,3.8581075104619,-6.73780778727542,-7.8077664686888,2,58
673,2,CKO,3.59120023642152,-6.15620026567351,-7.029075485217,3,58
674,2,CKO,3.66520916943896,-3.58090556158138,-14.7147317273444,4,58
675,2,CKO,5.90961734854968,-8.37892306865142,-6.44509797657818,5,58
676,2,CKO,3.26719048896953,-2.47788129044748,-14.0875532870042,6,58
677,2,CKO,3.55858715713456,-5.74366914227909,-10.5716427484411,7,58
678,2,CKO,6.13050430481575,-7.88563655909618,-10.4713305331159,8,58
679,2,CKO,2.95182151198916,-0.85505680838224,-5.88724070834771,9,58
680,2,CKO,5.76429448068252,-6.49582098766132,-9.53768430249738,10,58
681,2,CKO,2.74719053774979,-6.09954572511091,-8.42365956012815,1,60
682,2,CKO,2.55801220376414,-5.36826341127285,-9.71800784006979,2,60
683,2,CKO,3.54346324145567,-5.16239105935097,-18.1298841848467,3,60
684,2,CKO,3.03561366405908,-6.85742705941315,-8.76542304251122,4,60
685,2,CKO,3.55083840607592,-6.17929233739517,-7.1199735702265,5,60
686,2,CKO,3.7283734941772,-3.87245914884401,-14.6507841624116,6,60
687,2,CKO,5.93461318849503,-8.60881263656836,-6.31463070186291,7,60
688,2,CKO,3.26553358675422,-2.60139456238577,-13.5645267338379,8,60
689,2,CKO,3.48483745622211,-5.80710162938088,-10.7004059637912,9,60
690,2,CKO,6.20499597628153,-7.91862735140959,-10.2625639756143,10,60
691,3,Gal4,4.52024863673413,-5.92109044098237,-9.25354834208632,1,26
692,3,Gal4,3.93063376311769,-6.03389458779914,-9.36743103693519,2,26
693,3,Gal4,3.31188469755023,-3.35332703603444,-10.0627295427383,3,26
694,3,Gal4,2.43326148127259,-1.71186669630766,-1.39243882340389,4,26
695,3,Gal4,3.7845344078788,-4.08461330105252,-10.731010415658,5,26
696,3,Gal4,3.38311149019027,-1.9939728992683,-12.1936962462861,6,26
697,3,Gal4,1.83568269924714,-0.849250247386823,-4.96175382138407,7,26
698,3,Gal4,3.21946268386506,-3.14196295396552,-8.69211315637913,8,26
699,3,Gal4,3.65792643966524,-3.3799617389398,-9.87213710148036,9,26
700,3,Gal4,3.20597360340834,-2.86853257586226,-7.40964478634825,10,26
701,3,Gal4,2.81158817993475,-2.31822441216668,-5.43899350442793,1,30
702,3,Gal4,4.45331149983374,-6.44248155979101,-8.87947581590774,2,30
703,3,Gal4,3.88302723918278,-6.70174824676392,-8.48241395335207,3,30
704,3,Gal4,3.3957088014911,-3.0816307923771,-9.94907100335045,4,30
705,3,Gal4,2.98745142923485,-1.56424986060701,-2.27305184899263,5,30
706,3,Gal4,3.68019594578862,-4.90481862875941,-10.7026483471216,6,30
707,3,Gal4,3.55873727424032,-2.19819962340269,-10.7561015644349,7,30
708,3,Gal4,3.0193418845656,-0.739996173983971,-4.64559152042691,8,30
709,3,Gal4,3.31321294899831,-4.03763203101572,-8.30730088071942,9,30
710,3,Gal4,4.30096984951271,-3.27579578402829,-9.82972420217055,10,30
711,3,Gal4,4.43851025024607,-2.78707005444925,-7.3649685096566,1,32
712,3,Gal4,3.16089399921871,-1.813731316134,-5.24625107750964,2,32
713,3,Gal4,4.49016155451167,-6.59679643239718,-9.47674766303061,3,32
714,3,Gal4,3.81703735972055,-7.44862685678543,-9.98211161953514,4,32
715,3,Gal4,4.19580308487146,-3.36389785662061,-10.1557852107264,5,32
716,3,Gal4,3.19900031769371,-1.89368545835864,-2.51739320928806,6,32
717,3,Gal4,3.71532433833308,-5.22481030062701,-10.440375175458,7,32
718,3,Gal4,3.59319132636218,-2.30869721623337,-10.5914872254015,8,32
719,3,Gal4,3.16366134323481,-0.630607864760388,-4.86625904306759,9,32
720,3,Gal4,3.36322622231806,-4.20942643976836,-8.71412506493595,10,32
721,3,Gal4,4.90564668760006,-3.47238807828034,-9.83144038714323,1,34
722,3,Gal4,4.23612072606736,-2.34096303290714,-6.75040586890019,2,34
723,3,Gal4,2.98620439221848,-1.63450000690094,-5.69991989762525,3,34
724,3,Gal4,4.41469499089311,-6.63231953940292,-9.14431464403547,4,34
725,3,Gal4,4.02740005009876,-6.7764523338632,-8.84535319627076,5,34
726,3,Gal4,4.36745323260481,-3.12261271681428,-10.247316276673,6,34
727,3,Gal4,3.10013735352215,-1.6208576082275,-2.38963540617838,7,34
728,3,Gal4,3.55311055670524,-4.84143134411071,-10.5162553222443,8,34
729,3,Gal4,3.59972013566547,-2.00519566758758,-10.0527745094509,9,34
730,3,Gal4,3.204823500876,-0.798055509841186,-5.21598063947187,10,34
731,3,Gal4,3.17770458519668,-4.43817898663499,-8.43085249355415,1,37
732,3,Gal4,4.40748167924286,-3.27455497133444,-10.0789850315926,2,37
733,3,Gal4,3.9975254279954,-2.31252008096157,-7.14655878343307,3,37
734,3,Gal4,2.98197427595745,-1.61996639111867,-5.66298277500644,4,37
735,3,Gal4,4.19873349107697,-6.99311224035972,-9.76005826778207,5,37
736,3,Gal4,3.84290860490476,-6.61699548128913,-8.80605948167943,6,37
737,3,Gal4,4.39568928557193,-3.00466964557937,-10.2586126863048,7,37
738,3,Gal4,3.28717475029383,-1.84593935364948,-2.42874410055877,8,37
739,3,Gal4,3.69242712712658,-5.09534470925322,-10.8608068423551,9,37
740,3,Gal4,3.56999136893309,-2.1686795327339,-9.64006175422777,10,37
741,3,Gal4,3.27856096830781,-0.749232800611233,-5.2462512553207,1,40
742,3,Gal4,3.2492486779625,-4.5398527447702,-9.10757697786551,2,40
743,3,Gal4,4.76060795661866,-1.87309126923372,-9.88984269641941,3,40
744,3,Gal4,4.12743654630643,-2.36034178436186,-7.04254707790221,4,40
745,3,Gal4,2.98098580532354,-1.55878873661114,-5.84755973261146,5,40
746,3,Gal4,4.70912246093835,-7.30088793210488,-9.91518387941507,6,40
747,3,Gal4,3.49958395570757,-7.08833641582613,-9.34973569360849,7,40
748,3,Gal4,4.35116834410725,-3.07280075482213,-10.3102625680683,8,40
749,3,Gal4,3.15607699669846,-1.86973006328779,-2.76855647891664,9,40
750,3,Gal4,3.61261321712158,-4.85538124330114,-10.6082531469506,10,40
751,3,Gal4,3.60429262398486,-2.27868063271782,-9.72543737036044,1,44
752,3,Gal4,3.37825733111355,-0.690100122892862,-5.34006382045669,2,44
753,3,Gal4,3.19965902176946,-4.27443543386039,-8.71384633382443,3,44
754,3,Gal4,3.76901835284284,-3.29551578050806,-10.0268533375655,4,44
755,3,Gal4,3.92019380685262,-2.23458338119182,-6.94377758237214,5,44
756,3,Gal4,2.84275644796965,-1.51781416506881,-6.25861593107291,6,44
757,3,Gal4,4.69145341489195,-7.05843171963317,-9.56420591202302,7,44
758,3,Gal4,3.33099469118237,-7.24938463536605,-9.19771931035965,8,44
759,3,Gal4,3.98392708438085,-2.97371211051835,-10.3739550354733,9,44
760,3,Gal4,3.22956267667625,-1.64969951873661,-2.61860895939309,10,44
761,3,Gal4,3.56841241401871,-5.13566872753382,-10.6653867479487,1,47
762,3,Gal4,3.79065657252267,-1.75296317943606,-9.73251779271702,2,47
763,3,Gal4,3.30046713247933,-0.774622812681534,-5.42052309167185,3,47
764,3,Gal4,3.14959327551022,-4.20581905586136,-8.76328187551233,4,47
765,3,Gal4,4.5751626534655,-3.08170138030061,-10.1471284170432,5,47
766,3,Gal4,4.35025483021071,-2.12970552876495,-6.96026300938396,6,47
767,3,Gal4,2.68290758009451,-1.38617513000675,-5.4963231172251,7,47
768,3,Gal4,4.94312684524032,-7.21426340938563,-9.90943945860145,8,47
769,3,Gal4,3.87767599724354,-7.08904916146117,-9.32008031550851,9,47
770,3,Gal4,4.10780338681065,-3.04792192392354,-10.3553201949629,10,47
771,3,Gal4,3.33894435015467,-1.67270577915878,-2.49628658202761,1,53
772,3,Gal4,3.57786290955717,-5.41706208847488,-10.926391597686,2,53
773,3,Gal4,3.65444071333495,-1.70653226058193,-9.65327498833954,3,53
774,3,Gal4,3.35003527082978,-0.748688364506368,-5.40740046844876,4,53
775,3,Gal4,3.24331462747435,-4.28986216133914,-8.67916602259217,5,53
776,3,Gal4,5.2172492892945,-4.16063802583457,-10.4967627767623,6,53
777,3,Gal4,4.17560759150688,-2.28660768156565,-7.0754129760169,7,53
778,3,Gal4,3.05766372637817,-1.63160114523025,-5.05023301625534,8,53
779,3,Gal4,4.73911287834493,-7.62556664572288,-9.97386990079967,9,53
780,3,Gal4,3.8784373440501,-6.91474987155051,-8.52563556719805,10,53
781,3,Gal4,4.50118789429196,-2.91447423138563,-10.4001041838508,1,55
782,3,Gal4,3.30555304472468,-1.56983187594428,-2.55068940217312,2,55
783,3,Gal4,3.60347156531303,-5.03488455912672,-10.6376353772289,3,55
784,3,Gal4,3.80969087817661,-1.87262008480627,-9.84153244410135,4,55
785,3,Gal4,3.32114533755215,-0.679714054841036,-5.43357562384571,5,55
786,3,Gal4,3.20974241158151,-4.21921300359976,-8.73888555689195,6,55
787,3,Gal4,3.44446447149965,-3.3799644620649,-11.4198985505284,7,55
788,3,Gal4,4.06305779645624,-2.47629889294786,-7.08642047858467,8,55
789,3,Gal4,2.94663149493802,-1.54739236172351,-5.60131563666636,9,55
790,3,Gal4,4.43956750576658,-6.9795903647826,-9.98407790302078,10,55
791,3,Gal4,3.80858811567451,-6.99872682660124,-9.28549686318454,1,57
792,3,Gal4,4.03717075235971,-3.03486726222932,-10.4195369483514,2,57
793,3,Gal4,3.24517793529343,-1.79882851885125,-3.04052144558374,3,57
794,3,Gal4,3.71240098210168,-5.22492804829771,-11.0085995951858,4,57
795,3,Gal4,3.79505955016884,-1.77318050148552,-10.0218244720455,5,57
796,3,Gal4,3.48890183170269,-0.85689024081562,-5.57589818209645,6,57
797,3,Gal4,3.43158119134419,-4.23900148935381,-8.61930196057125,7,57
798,3,Gal4,4.8800200527033,-4.03347410392632,-11.0661559262194,8,57
799,3,Gal4,4.13027653549565,-2.30348169969559,-6.87969464765891,9,57
800,3,Gal4,3.08765300759287,-1.45440703955527,-5.49458850175936,10,57
801,3,CKO,2.02215754556801,-0.949243811450307,-4.15380721824315,1,27
802,3,CKO,4.55760618768678,-5.85502680286389,-8.01104088310742,2,27
803,3,CKO,2.72905547811068,-5.36597653890861,-8.86609233727851,3,27
804,3,CKO,3.28129670540833,-4.06170561347547,-8.52776626206836,4,27
805,3,CKO,3.56236680708438,-4.54114493178534,-15.2337443801414,5,27
806,3,CKO,4.68672396324448,-7.17450350057527,-5.73725397804843,6,27
807,3,CKO,3.86268494576099,-4.36209115103001,-6.39406186522611,7,27
808,3,CKO,4.8725339318017,-3.79814249632016,-13.6901181707076,8,27
809,3,CKO,6.97788622445148,-7.32711439277009,-6.09294848976184,9,27
810,3,CKO,4.10677754797097,-2.98011845474516,-12.5119221097108,10,27
811,3,CKO,4.15807083837187,-2.8499722828915,-9.08221471936533,1,31
812,3,CKO,6.42016973242843,-6.10362291095813,-8.50169598722967,2,31
813,3,CKO,2.41251350190742,-1.09011085511862,-4.28591961566275,3,31
814,3,CKO,5.55627272437601,-5.2217795790956,-8.17180757241934,4,31
815,3,CKO,3.39165569296778,-6.01798505462927,-9.10251371409718,5,31
816,3,CKO,3.22924704371677,-3.83864758857885,-9.2177236514697,6,31
817,3,CKO,4.14161274491262,-5.46290153865115,-14.1568612828001,7,31
818,3,CKO,4.41128601951096,-7.06247712492251,-6.88732546189898,8,31
819,3,CKO,4.28311746455723,-4.44552966289807,-6.98119487371482,9,31
820,3,CKO,4.76190190976986,-3.98714582171816,-12.1999754016681,10,31
821,3,CKO,7.05820733576896,-7.72483053916235,-6.61315762221041,1,33
822,3,CKO,4.23878483143301,-3.02262132683455,-11.2304654706499,2,33
823,3,CKO,4.35667821467214,-3.36942951701458,-9.098173367404,3,33
824,3,CKO,7.02799895889479,-7.24509049359899,-9.14072160733822,4,33
825,3,CKO,2.33268604055686,-0.93638528041038,-4.08860042972369,5,33
826,3,CKO,5.64838630295729,-5.38141147003318,-8.79394438571937,6,33
827,3,CKO,3.37503684094301,-5.83119786736678,-8.96999358186658,7,33
828,3,CKO,3.10218718784379,-3.71718296705026,-8.95205727401209,8,33
829,3,CKO,3.95014087890787,-5.53634283405521,-14.2241185651377,9,33
830,3,CKO,4.56427376936867,-6.67710930965067,-7.00518416137413,10,33
831,3,CKO,4.25378094315085,-4.73111523798994,-7.06345536887907,1,35
832,3,CKO,4.87218138573675,-4.20991720046134,-11.9931050792881,2,35
833,3,CKO,7.08209684212036,-7.79346495393661,-6.76406292946674,3,35
834,3,CKO,4.22636265239634,-3.13598050551912,-11.0727992019446,4,35
835,3,CKO,4.1926381165744,-3.73628478645759,-9.20842552495634,5,35
836,3,CKO,6.99017810626565,-7.17988685649832,-9.01254994908676,6,35
837,3,CKO,2.32213648311163,-1.13334036650206,-4.36753375771213,7,35
838,3,CKO,5.92913947884829,-5.58587990129166,-8.61720209559545,8,35
839,3,CKO,3.50602512869023,-6.00249624083411,-8.9832259524692,9,35
840,3,CKO,3.00378397485023,-3.70812235833983,-9.19881449702757,10,35
841,3,CKO,3.90419000899888,-5.7789179471254,-14.137745979949,1,39
842,3,CKO,4.23958595800252,-7.3802162752016,-7.20510158248246,2,39
843,3,CKO,4.19616796185619,-4.68375241236532,-7.11129311262535,3,39
844,3,CKO,4.6996242775193,-3.77493371211757,-11.4781692643962,4,39
845,3,CKO,6.97906314093501,-7.96220883083039,-6.49291602544295,5,39
846,3,CKO,4.12432284698108,-2.94011096163866,-10.608428979051,6,39
847,3,CKO,4.1264568583794,-3.94117876407569,-9.19237261349485,7,39
848,3,CKO,6.93278149804778,-7.35542402823734,-9.06936132473075,8,39
849,3,CKO,2.42185925409893,-1.04692653732953,-4.00349112443201,9,39
850,3,CKO,5.8543565922618,-5.57459077073768,-9.00583189961248,10,39
851,3,CKO,3.42438974915935,-5.95866335259156,-8.85559544080937,1,46
852,3,CKO,2.95876894213751,-3.62607385885859,-9.49714304452836,2,46
853,3,CKO,3.90988940458431,-5.77586663825561,-14.2192828376514,3,46
854,3,CKO,4.38385568673739,-7.31259177471445,-6.82713985798232,4,46
855,3,CKO,4.05143772341014,-4.68346874646942,-7.22855949892775,5,46
856,3,CKO,4.81452393099153,-3.97373781540955,-12.010347194358,6,46
857,3,CKO,7.03488308545867,-7.8308853433001,-6.45566966940837,7,46
858,3,CKO,4.11748372250972,-2.94117749773189,-10.9283025353322,8,46
859,3,CKO,4.25308700357002,-4.22739159768646,-9.2784017408566,9,46
860,3,CKO,6.94606801365529,-7.14098782317642,-8.77497486675964,10,46
861,3,CKO,2.422026459663,-1.17854959595639,-4.30950871588925,1,48
862,3,CKO,5.78892879156453,-5.62277139629339,-8.64775011683393,2,48
863,3,CKO,3.33910533313284,-5.70966456659197,-9.50724932879266,3,48
864,3,CKO,2.98636181391986,-3.45622139106767,-9.41201624061262,4,48
865,3,CKO,3.8729654605549,-5.81859421732047,-14.7512957871944,5,48
866,3,CKO,4.27271257439818,-7.37900571526326,-7.40060182231072,6,48
867,3,CKO,4.16062705922231,-4.62746211770506,-7.1753491024961,7,48
868,3,CKO,4.53799046841815,-3.79941226062955,-11.4381046306306,8,48
869,3,CKO,6.97109098914097,-7.74923336791786,-6.3344036994693,9,48
870,3,CKO,3.99113833885623,-2.93670670289981,-10.3651842796748,10,48
871,3,CKO,4.11100643303918,-4.40529867057129,-9.29637181780361,1,50
872,3,CKO,7.02285781452268,-7.30027711063742,-9.25523540217302,2,50
873,3,CKO,2.56506517082583,-1.00103740998662,-3.93348759713707,3,50
874,3,CKO,6.04672922260413,-5.68271465896204,-8.88741622194017,4,50
875,3,CKO,3.44711929400898,-5.89851347118413,-8.86977874946128,5,50
876,3,CKO,2.98004377387882,-3.69908655680504,-9.56636311011372,6,50
877,3,CKO,3.57052451946798,-6.15434751633141,-16.2119214022762,7,50
878,3,CKO,4.45130106727966,-7.22014608950011,-6.8487494797455,8,50
879,3,CKO,4.17847891735211,-4.68347305444764,-7.18708974460112,9,50
880,3,CKO,4.65324891429775,-3.93854177254675,-11.8659078691318,10,50
881,3,CKO,7.05417625327116,-7.95135058237992,-6.59728127182807,1,54
882,3,CKO,3.85962959526694,-3.00454498294172,-10.6547121416626,2,54
883,3,CKO,4.01929442689073,-4.42926963179755,-9.22020497180734,3,54
884,3,CKO,7.0352725683849,-7.16633510451554,-8.75454791450088,4,54
885,3,CKO,2.55429393240221,-1.19905076727083,-4.18950716775566,5,54
886,3,CKO,6.06324817820432,-5.62739624854933,-8.7362212173114,6,54
887,3,CKO,3.51543045773861,-5.82457115076476,-9.15908560524404,7,54
888,3,CKO,3.06369106492363,-3.4695344392999,-9.55769597412323,8,54
889,3,CKO,3.90029010879662,-6.01437526591741,-16.070092594431,9,54
890,3,CKO,4.10858676040821,-7.14725583588525,-7.08910528834689,10,54
891,3,CKO,4.17349005876117,-4.63255509906146,-7.2032494751674,1,56
892,3,CKO,4.72862413932822,-3.86579395709515,-11.3207811769119,2,56
893,3,CKO,7.07173174918615,-7.66271123064324,-6.35860731631707,3,56
894,3,CKO,3.94841174037467,-3.0846897108298,-10.4662632169324,4,56
895,3,CKO,4.07808332275723,-4.490329869642,-9.21911502051535,5,56
896,3,CKO,7.21551988441555,-7.28163863035315,-8.98848595796697,6,56
897,3,CKO,2.64093887954591,-1.0225852218564,-3.84624223231648,7,56
898,3,CKO,5.90563107973254,-5.68761886252737,-9.07661119955506,8,56
899,3,CKO,3.51192924319774,-5.71940663799266,-8.81076017181997,9,56
900,3,CKO,3.05960942639862,-4.42888331272838,-9.56812793552632,10,56
901,3,CKO,3.93194213731723,-6.46819588962971,-17.2479409881584,1,58
902,3,CKO,4.49992741983279,-6.551995757836,-6.9618204170562,2,58
903,3,CKO,4.14836337966845,-4.71271902398194,-7.23938447942066,3,58
904,3,CKO,4.38962573993277,-4.07057425514978,-11.3924679787141,4,58
905,3,CKO,7.04217145154395,-7.63900465861103,-6.64950300442336,5,58
906,3,CKO,3.89002770668236,-3.10135978655136,-10.833432528925,6,58
907,3,CKO,4.10282501836318,-4.54310563693303,-9.36116586455219,7,58
908,3,CKO,7.2303108167846,-7.25368096559052,-8.83727228877198,8,58
909,3,CKO,2.76133795590312,-1.02491229565296,-4.12838822727265,9,58
910,3,CKO,6.10525837040212,-5.82572311978721,-8.95763088786225,10,58
911,3,CKO,3.47738448211086,-5.74358914226911,-8.96995516605564,1,60
912,3,CKO,2.98060562475725,-3.76667550218683,-9.4005210636758,2,60
913,3,CKO,4.19926785466076,-6.08016929122359,-17.0764757284895,3,60
914,3,CKO,4.25211628891919,-7.18341088551301,-7.08592571335612,4,60
915,3,CKO,4.07301023165066,-4.68499347716802,-7.18428245628922,5,60
916,3,CKO,4.56903380185505,-4.04499483010877,-11.7285201362226,6,60
917,3,CKO,6.9391346257003,-7.62485013586737,-6.45807159634055,7,60
918,3,CKO,3.87245439638161,-3.28750484135997,-10.8137593233582,8,60
919,3,CKO,4.14747430599482,-4.7680775727196,-9.43019063672824,9,60
920,3,CKO,7.23783506553158,-7.28879158121087,-8.86872109124798,10,60
921,4,Gal4,4.1856946349836,-5.09813078698327,-7.22610371584737,1,26
922,4,Gal4,3.7315952157022,-5.74383851019564,-7.46650933815534,2,26
923,4,Gal4,2.96990834511747,-2.97321809493482,-9.02564548743631,3,26
924,4,Gal4,2.19598976560212,-1.49432192119039,-2.3858968420129,4,26
925,4,Gal4,4.02168332468726,-3.70694109371582,-9.28050395825174,5,26
926,4,Gal4,4.17173030745496,-2.84526757820898,-8.19798533044754,6,26
927,4,Gal4,1.67591287583876,-0.54023054357691,-3.55273172816769,7,26
928,4,Gal4,3.08094314681999,-3.12430726613403,-7.71615087333208,8,26
929,4,Gal4,3.56358559481361,-3.02206051261047,-8.23217530292595,9,26
930,4,Gal4,3.52537946074168,-2.21730253836512,-5.83940800160209,10,26
931,4,Gal4,3.24352534374,-1.30603752626072,-6.40682068035885,1,30
932,4,Gal4,4.39526843345403,-5.64814166759003,-7.31776616573891,2,30
933,4,Gal4,3.80224236173653,-6.60153602474355,-7.60804146102944,3,30
934,4,Gal4,2.58607961054836,-3.35032693628965,-8.85624873459677,4,30
935,4,Gal4,2.25002387389884,-1.77360005563238,-2.67166586017983,5,30
936,4,Gal4,4.30169245978803,-4.23567462736844,-9.33051559216684,6,30
937,4,Gal4,4.37050301364672,-3.31452853683343,-7.53354692763688,7,30
938,4,Gal4,2.37287763892901,-4.22240427312644,-3.62116683199272,8,30
939,4,Gal4,3.23883322475027,-3.51508997875743,-7.56802816512638,9,30
940,4,Gal4,4.08191778066776,-3.43157201221863,-8.14303461634282,10,30
941,4,Gal4,3.79562824030425,-2.18962939800206,-5.56496762856282,1,32
942,4,Gal4,3.41978611252899,-1.14659358581096,-6.0925727774086,2,32
943,4,Gal4,4.11927041475859,-5.38593089590003,-7.12427967782672,3,32
944,4,Gal4,3.83999096818209,-7.12161043003931,-8.12371569532953,4,32
945,4,Gal4,3.03244421508911,-3.25235965540288,-8.96124056102816,5,32
946,4,Gal4,2.22774033832462,-1.90457065015313,-2.90815937347464,6,32
947,4,Gal4,4.38096250384576,-4.82835634897623,-9.39364573763377,7,32
948,4,Gal4,4.33628616535553,-3.42862128600021,-7.625748820413,8,32
949,4,Gal4,2.24437811254197,-0.562650602827365,-3.52421402314679,9,32
950,4,Gal4,3.21189386140504,-3.73728262841047,-7.46440366687554,10,32
951,4,Gal4,3.28737010249219,-3.21302987422976,-8.20671880999231,1,34
952,4,Gal4,3.66245553240386,-2.34518236778566,-5.57892172060212,2,34
953,4,Gal4,3.44592552647498,-0.993891685115805,-5.7418246493786,3,34
954,4,Gal4,4.15862262909197,-5.5889854179309,-7.47507472190452,4,34
955,4,Gal4,3.96650741617683,-6.74368212941825,-7.49830119005205,5,34
956,4,Gal4,5.97614231206756,-4.90050361087708,-8.94765775507266,6,34
957,4,Gal4,2.32836691147405,-1.83762259584207,-2.72563911890137,7,34
958,4,Gal4,4.18785515712411,-4.78462944656739,-9.61283330156016,8,34
959,4,Gal4,4.28014641592942,-3.42002277358798,-7.98459594732452,9,34
960,4,Gal4,2.30438624593876,-0.693847902734809,-3.73654726188133,10,34
961,4,Gal4,3.25273076971635,-3.52946431992288,-7.60472114729502,1,37
962,4,Gal4,3.58551609953958,-3.19249392964543,-8.37845376795203,2,37
963,4,Gal4,3.96210159375774,-2.3405924016184,-5.72270893886217,3,37
964,4,Gal4,3.25430034154138,-0.800602160582261,-5.57465768849212,4,37
965,4,Gal4,4.46015896498664,-5.36295184955661,-7.04877727103199,5,37
966,4,Gal4,3.9199553111728,-6.70794262513925,-7.70595690003303,6,37
967,4,Gal4,6.60887370247239,-5.39367233914374,-8.89849909252887,7,37
968,4,Gal4,2.42642357561776,-1.91872414938005,-3.12280313629799,8,37
969,4,Gal4,4.25439400925223,-4.81679082366798,-9.73329350914746,9,37
970,4,Gal4,4.39330289662827,-3.58096384975871,-7.9815488851612,10,37
971,4,Gal4,2.30444285598056,-0.505595571173618,-3.6342125389797,1,40
972,4,Gal4,3.26406614081245,-3.60369636724881,-7.54629058614165,2,40
973,4,Gal4,3.32786622347084,-3.40200377170695,-8.45011729556822,3,40
974,4,Gal4,3.93324787662007,-2.18534419180486,-5.85297289490555,4,40
975,4,Gal4,3.66140023980616,-1.18793788713188,-5.34719429392745,5,40
976,4,Gal4,4.45065077602502,-5.84748130064069,-7.86520513058137,6,40
977,4,Gal4,3.87364968046556,-6.97719005537058,-7.4505625321627,7,40
978,4,Gal4,6.52528085473578,-4.33024988120363,-8.90183406606562,8,40
979,4,Gal4,2.49474959748487,-2.01779690483646,-2.84571572489565,9,40
980,4,Gal4,4.26029214895468,-4.23643805668861,-9.42405891047363,10,40
981,4,Gal4,4.34677572566549,-3.33887667464169,-8.00451246355832,1,44
982,4,Gal4,2.49576656037015,-0.439350380842263,-3.67846076635467,2,44
983,4,Gal4,3.39246416488676,-3.80164377997958,-7.82413600544627,3,44
984,4,Gal4,2.89781183446583,-3.07797560521035,-8.49310989309434,4,44
985,4,Gal4,3.7984877755276,-2.20128636077493,-5.76331763502536,5,44
986,4,Gal4,3.29427662867044,-0.914468405320843,-5.75053236436494,6,44
987,4,Gal4,4.22977831733259,-5.6803639744629,-7.49215465435351,7,44
988,4,Gal4,4.04006419387621,-6.38659657253285,-8.21162381578391,8,44
989,4,Gal4,2.35511923123046,-3.15829102146066,-8.94461769773354,9,44
990,4,Gal4,2.52299831196158,-1.98805606365858,-2.84291503444481,10,44
991,4,Gal4,4.12207739979929,-4.61474388371411,-9.61902301791978,1,47
992,4,Gal4,4.05710698769796,-3.55900865552977,-8.13802115051072,2,47
993,4,Gal4,2.54491060891301,-0.902289952299641,-3.76733180377704,3,47
994,4,Gal4,3.32228597510803,-3.40167994565853,-7.56478441540319,4,47
995,4,Gal4,3.03947617715696,-3.2586213327451,-8.69673717188874,5,47
996,4,Gal4,3.93774243343786,-2.22255369066345,-6.07542122454338,6,47
997,4,Gal4,3.25110822883461,-1.09065674329646,-5.65251367834228,7,47
998,4,Gal4,4.33258673612465,-5.74232236623607,-7.12297850596589,8,47
999,4,Gal4,3.96280463878161,-7.26586947405767,-7.54079589491803,9,47
1000,4,Gal4,4.29286177901165,-3.34932525132941,-8.94616799903508,10,47
1001,4,Gal4,2.65801527831458,-1.82431826371423,-2.76484182171392,1,53
1002,4,Gal4,4.33713980322531,-4.74347731061576,-9.4747669605092,2,53
1003,4,Gal4,4.2998572839246,-3.48281746403429,-8.05063123453622,3,53
1004,4,Gal4,2.59978799504356,-0.619522833551155,-3.86011040136927,4,53
1005,4,Gal4,3.3737888354664,-3.62732777876234,-8.01122588993575,5,53
1006,4,Gal4,3.52685317222652,-3.18746283522582,-8.54935161320655,6,53
1007,4,Gal4,4.19109519432143,-2.27519063963865,-6.09172221056187,7,53
1008,4,Gal4,3.45507594913598,-0.876024431966062,-5.65442379274697,8,53
1009,4,Gal4,4.46217388232764,-5.83944964764861,-7.52243381142615,9,53
1010,4,Gal4,4.44470471762703,-6.54307360366654,-7.65662362930012,10,53
1011,4,Gal4,4.43967677131567,-3.40652457647762,-9.03041856266935,1,55
1012,4,Gal4,2.39889963736525,-1.99880206982193,-2.82707016581617,2,55
1013,4,Gal4,4.33363019628405,-4.54717328999514,-9.77439837846555,3,55
1014,4,Gal4,4.24911225934481,-3.72272733804749,-7.60426221817017,4,55
1015,4,Gal4,2.67201324625985,-0.435615393058264,-3.56553387461517,5,55
1016,4,Gal4,3.30470737743969,-3.65570452938188,-7.62829563191665,6,55
1017,4,Gal4,3.2483048428365,-3.00591483968979,-8.55895333625216,7,55
1018,4,Gal4,4.08411184681514,-2.32240593968447,-5.96514174748008,8,55
1019,4,Gal4,3.49757813106937,-1.0819752273851,-5.47664232866824,9,55
1020,4,Gal4,4.39955172876418,-5.87882707391735,-7.78924836230246,10,55
1021,4,Gal4,3.78435768987279,-6.78839723341539,-7.44341007250257,1,57
1022,4,Gal4,3.6675848622484,-3.15042584822354,-9.00370071858852,2,57
1023,4,Gal4,2.68045979105244,-2.02098777458117,-2.9516574465623,3,57
1024,4,Gal4,4.40517219869948,-4.35512052530996,-9.44923853983894,4,57
1025,4,Gal4,4.10985759010179,-3.46671908138545,-7.67384982053846,5,57
1026,4,Gal4,2.62736344396227,-0.465341071191853,-3.80318555846386,6,57
1027,4,Gal4,3.38518800032118,-3.66619081336529,-7.67689594203959,7,57
1028,4,Gal4,2.96712278583168,-3.24364648233135,-8.76394845239962,8,57
1029,4,Gal4,4.11319856694325,-2.31074534958785,-5.94413073252832,9,57
1030,4,Gal4,3.69609192842603,-1.02310470797289,-5.65789610532365,10,57
1031,4,CKO,1.36398910873018,-0.91701886698049,-2.81226098171004,1,27
1032,4,CKO,5.42103262337572,-4.5561095765727,-7.42974018377781,2,27
1033,4,CKO,2.67459245617976,-4.80739216891168,-8.32459816349898,3,27
1034,4,CKO,3.12281347438911,-3.37171562309352,-8.7141363112296,4,27
1035,4,CKO,4.34193479395782,-4.3865772360898,-9.32157557376045,5,27
1036,4,CKO,4.65246190623012,-5.05677002317252,-6.18017966663418,6,27
1037,4,CKO,3.83218860089305,-3.60035359374513,-6.52954497333109,7,27
1038,4,CKO,5.27114017319898,-3.21744591969522,-10.9718185537174,8,27
1039,4,CKO,6.22100152728461,-6.56941458460171,-6.42242114494571,9,27
1040,4,CKO,4.27590139364487,-3.79408102249643,-9.61309107643066,10,27
1041,4,CKO,3.96185211509053,-2.65372282346881,-8.25944925826941,1,31
1042,4,CKO,5.28963967204858,-5.04207788074943,-8.4732033447274,2,31
1043,4,CKO,1.65313028139591,-1.14592134775143,-2.87543891514565,3,31
1044,4,CKO,4.72505304202018,-4.58516991118361,-7.65249430099617,4,31
1045,4,CKO,2.85672719665804,-5.17269784899068,-8.05486969264721,5,31
1046,4,CKO,3.26833275622573,-3.90527741634184,-8.80745947288084,6,31
1047,4,CKO,4.34461586536135,-4.89522049925711,-8.74882996460057,7,31
1048,4,CKO,5.17700095483731,-5.26066041866706,-6.26952950294891,8,31
1049,4,CKO,4.01534187147399,-3.8595769339593,-6.84107861159129,9,31
1050,4,CKO,5.35521648251742,-3.6824384889991,-10.1653806917006,10,31
1051,4,CKO,6.651145330344,-6.79134175718383,-6.91695924804429,1,33
1052,4,CKO,4.44397087258323,-3.5895823415183,-8.81336138943582,2,33
1053,4,CKO,4.18388088830771,-2.2554971966274,-8.2946030570607,3,33
1054,4,CKO,5.44874085248578,-5.85499577228163,-8.93844227649789,4,33
1055,4,CKO,1.66686914398981,-1.09343451199335,-2.90957890366838,5,33
1056,4,CKO,4.68657866257194,-4.67366987908456,-7.69214577519002,6,33
1057,4,CKO,2.97290683132397,-5.36742033958756,-8.44104882092552,7,33
1058,4,CKO,3.20792036827444,-4.01665970810719,-8.84325135390224,8,33
1059,4,CKO,4.08318674450787,-5.358494059783,-9.27885262031456,9,33
1060,4,CKO,4.73081006123924,-5.62897799037116,-5.82387514952364,10,33
1061,4,CKO,3.96155602998936,-4.13060609835472,-6.99709358187661,1,35
1062,4,CKO,5.15551740303601,-3.59733358745106,-10.0933947801171,2,35
1063,4,CKO,6.70641709430293,-6.74626775733311,-6.68759934061032,3,35
1064,4,CKO,4.33545282499146,-3.94057350591472,-8.66988536189252,4,35
1065,4,CKO,4.14656077005657,-2.36126829429537,-8.27308054218979,5,35
1066,4,CKO,5.70355502921,-5.75920251231112,-8.59189465114835,6,35
1067,4,CKO,1.70320968217878,-0.951841386313463,-2.64621683934578,7,35
1068,4,CKO,4.73305455491979,-4.61893627810361,-8.15453085795112,8,35
1069,4,CKO,2.9565848276315,-5.1659432677389,-8.71634565739618,9,35
1070,4,CKO,3.25390303438304,-4.18376012128519,-9.02781037158122,10,35
1071,4,CKO,4.21977975881571,-5.18285801859158,-9.21211951440767,1,39
1072,4,CKO,5.08606475044102,-5.42066707762788,-6.51238256145397,2,39
1073,4,CKO,3.8695987560936,-4.17329420024361,-7.02051940291211,3,39
1074,4,CKO,5.25282601745338,-3.47865886680611,-10.0319583074659,4,39
1075,4,CKO,6.76840598957947,-6.74103675411051,-6.80801128796293,5,39
1076,4,CKO,4.27285238510094,-4.11681286990784,-9.0331623516864,6,39
1077,4,CKO,4.15615735439736,-2.6240438364236,-8.27729177435188,7,39
1078,4,CKO,5.88909656302557,-6.28437819207872,-8.4724497722786,8,39
1079,4,CKO,1.74507881286596,-0.984711895096116,-2.59648973468974,9,39
1080,4,CKO,4.5636968186623,-4.62234939691622,-7.92306876086988,10,39
1081,4,CKO,3.00595129943772,-5.2123501950854,-8.47321925815223,1,46
1082,4,CKO,3.22419591108643,-4.14213461446504,-9.36512799593421,2,46
1083,4,CKO,4.41021887472277,-5.01094437373789,-9.83905008020407,3,46
1084,4,CKO,5.65401983605747,-5.74721322924724,-6.3122271443122,4,46
1085,4,CKO,3.94058406511244,-4.16318751074165,-7.05137108716713,5,46
1086,4,CKO,5.22519809402576,-3.7458865582417,-10.0824351331373,6,46
1087,4,CKO,6.88157673581679,-6.93058605293417,-6.70477412758454,7,46
1088,4,CKO,4.23487799665791,-4.00414932904401,-9.19899332286777,8,46
1089,4,CKO,4.12605704021509,-2.73270185507148,-8.26505047828863,9,46
1090,4,CKO,5.93554440948843,-6.02631958434985,-8.39372292543735,10,46
1091,4,CKO,1.69762142785392,-0.9260906947662,-2.55974606512251,1,48
1092,4,CKO,4.7013009837191,-4.60747745698743,-7.92490749605535,2,48
1093,4,CKO,2.85199145551799,-5.37402480814066,-8.66445354954687,3,48
1094,4,CKO,3.24911396096697,-4.03853194349917,-8.9280674785155,4,48
1095,4,CKO,4.22729090724826,-4.94090265566868,-9.32562121403892,5,48
1096,4,CKO,4.86545096890328,-5.56470487903641,-6.50926955753052,6,48
1097,4,CKO,3.99483859057296,-4.15389483419481,-7.04484956532451,7,48
1098,4,CKO,5.24437783324871,-3.60171508593682,-10.4741226237889,8,48
1099,4,CKO,7.03624455463488,-6.92495104067711,-6.62590835383946,9,48
1100,4,CKO,4.32756090470954,-3.90716258783493,-8.9914195374436,10,48
1101,4,CKO,4.15658480499194,-2.82317304592827,-8.26285027360153,1,50
1102,4,CKO,5.9401605973822,-6.30800444588256,-8.75798217236414,2,50
1103,4,CKO,1.76808067572682,-1.07907117144424,-2.83550061188456,3,50
1104,4,CKO,4.7283639850125,-4.69198211162544,-7.81796081354946,4,50
1105,4,CKO,2.97707101946065,-5.07225993390932,-8.29863751030543,5,50
1106,4,CKO,3.25712948795221,-4.18733344903684,-9.26556288058596,6,50
1107,4,CKO,4.37007144662005,-4.94822999153153,-9.5150983525771,7,50
1108,4,CKO,4.69048309297626,-5.30998003395395,-6.40747985509981,8,50
1109,4,CKO,4.03646472486576,-4.15450777162913,-7.05754501637989,9,50
1110,4,CKO,5.39417362807353,-4.32890897459209,-10.58428746644,10,50
1111,4,CKO,6.93560795637091,-6.90687248589117,-6.67360991982462,1,54
1112,4,CKO,4.29340871605987,-3.75317343974895,-8.90016327982145,2,54
1113,4,CKO,4.11111395469416,-3.023597673826,-8.2546832175786,3,54
1114,4,CKO,5.93968946168646,-6.18094296972317,-8.43567961140826,4,54
1115,4,CKO,1.84032762873924,-1.08947140428014,-2.90787515057519,5,54
1116,4,CKO,4.64948790681976,-4.73961160746272,-7.63828745055324,6,54
1117,4,CKO,3.08027369069666,-5.3606599310769,-8.54599820391188,7,54
1118,4,CKO,3.24385550219508,-4.38234727220584,-9.32665345752318,8,54
1119,4,CKO,4.44666451047566,-5.06843449959602,-9.68731572935051,9,54
1120,4,CKO,4.92578215245593,-5.53566543402819,-5.91736491036118,10,54
1121,4,CKO,4.15478995040481,-4.12358564284979,-6.96155678357402,1,56
1122,4,CKO,5.03470922778809,-4.00475867016163,-10.8042453639702,2,56
1123,4,CKO,6.99728086426017,-7.01043269980798,-6.90051208731959,3,56
1124,4,CKO,4.21399132359686,-4.23872127305483,-8.79726564426723,4,56
1125,4,CKO,4.14119451475868,-3.07634030482227,-8.2770913157033,5,56
1126,4,CKO,6.05013823537232,-6.39757125256738,-8.57595322452005,6,56
1127,4,CKO,1.89818379416851,-0.913868956360198,-2.55557531240309,7,56
1128,4,CKO,4.86282447839781,-4.75237413479564,-7.66122602653671,8,56
1129,4,CKO,3.05635506341587,-5.24393110410389,-8.46850107524094,9,56
1130,4,CKO,3.32317877081865,-3.99800055754961,-9.11640001776371,10,56
1131,4,CKO,4.36135363714012,-4.88158800474632,-9.21892403402753,1,58
1132,4,CKO,4.89045776501704,-5.37143406379415,-6.52850276194632,2,58
1133,4,CKO,4.11844123674106,-4.23588564180358,-6.99278088249959,3,58
1134,4,CKO,5.17061628815654,-4.26732899262461,-10.7837677773311,4,58
1135,4,CKO,7.04890675186347,-7.03640346854623,-6.6651099609108,5,58
1136,4,CKO,4.35540057668572,-3.66329116098632,-8.07804497786054,6,58
1137,4,CKO,4.32757588229718,-3.32445128010852,-8.33894910316013,7,58
1138,4,CKO,6.15091150261318,-6.4120735163794,-8.24474510035229,8,58
1139,4,CKO,1.9424460014916,-0.946621937281809,-2.71808541251008,9,58
1140,4,CKO,4.67494324707891,-4.82182967977537,-7.66529130733075,10,58
1141,4,CKO,3.23159839503765,-5.26097805575882,-8.42744082054426,1,60
1142,4,CKO,3.14731341769638,-4.33696247251303,-9.34471155263086,2,60
1143,4,CKO,4.40822484258017,-4.898718749484,-9.222898988258,3,60
1144,4,CKO,5.03394718147198,-5.63223125630613,-6.55290704333537,4,60
1145,4,CKO,4.07341957829198,-4.21718204180004,-6.90663175161554,5,60
1146,4,CKO,5.13749374823685,-4.25422982931432,-10.1398564759901,6,60
1147,4,CKO,7.07748908062012,-7.02628689108823,-6.7680440780377,7,60
1148,4,CKO,4.23336473018512,-3.62059804291973,-8.17783754438761,8,60
1149,4,CKO,4.23228318706231,-3.47207544167425,-8.37978048036355,9,60
1150,4,CKO,6.23373434572783,-6.61874883649272,-8.56562706202064,10,60
1151,5,Gal4,3.02594728109722,-5.49951778378433,-5.33870661089024,1,26
1152,5,Gal4,4.25027191551406,-6.08820094938997,-4.90842257564027,2,26
1153,5,Gal4,3.86448179061471,-3.71659180371627,-6.27355536295337,3,26
1154,5,Gal4,2.52946005789021,-3.02736184023212,-1.9197271766294,4,26
1155,5,Gal4,3.76969465149364,-4.55576945077809,-6.59285091097503,5,26
1156,5,Gal4,3.02443821878218,-4.22493808754015,-2.69704432430834,6,26
1157,5,Gal4,1.30677390559621,-1.03110157767176,-1.42297523257973,7,26
1158,5,Gal4,3.7880826227268,-4.06002804687281,-5.55624553848067,8,26
1159,5,Gal4,3.44856684485649,-3.44480384027261,-5.19185870729957,9,26
1160,5,Gal4,3.54272995173251,-2.97147096294634,-3.82962572551695,10,26
1161,5,Gal4,4.13776955740626,-2.48145474811574,-3.49852987707696,1,30
1162,5,Gal4,3.40750068156905,-5.76886808383187,-4.48704291617834,2,30
1163,5,Gal4,3.59549256031153,-6.37520896226916,-4.96941064472105,3,30
1164,5,Gal4,3.87317838612815,-4.6932587928306,-6.03695106199828,4,30
1165,5,Gal4,2.400547857366,-3.13082909250765,-1.90779616499359,5,30
1166,5,Gal4,3.86273170681263,-5.03284802540248,-5.91366618152262,6,30
1167,5,Gal4,3.06924037163257,-4.14784663959379,-3.20861654037572,7,30
1168,5,Gal4,1.42765673389475,-1.21841890839998,-1.3521260496182,8,30
1169,5,Gal4,3.83587166030543,-4.11769596008197,-4.81881097343924,9,30
1170,5,Gal4,4.06494222061006,-4.02627724867192,-5.40229940307672,10,30
1171,5,Gal4,3.43611963655552,-3.14692801197255,-3.56375733511461,1,32
1172,5,Gal4,4.24749240772218,-1.78929642942131,-4.22678986433271,2,32
1173,5,Gal4,3.35561721826401,-5.58843267136241,-4.73628965988935,3,32
1174,5,Gal4,3.41358987534149,-6.25289897186555,-4.58877570387259,4,32
1175,5,Gal4,3.8351095846197,-4.79836809416699,-6.02282380335988,5,32
1176,5,Gal4,2.33326427844078,-3.18170885486472,-1.86238821979533,6,32
1177,5,Gal4,3.76463891993678,-5.1708545770266,-5.97943285950694,7,32
1178,5,Gal4,3.0153323961557,-4.08594271906501,-3.10039721495017,8,32
1179,5,Gal4,1.36760977304444,-0.97746501075221,-1.40131382241037,9,32
1180,5,Gal4,3.79326337325793,-4.81176219118982,-4.7597745062104,10,32
1181,5,Gal4,3.15229083870731,-3.74418126097891,-4.92952767847723,1,34
1182,5,Gal4,3.41890694880325,-3.16376645427578,-3.68144170218328,2,34
1183,5,Gal4,4.79892823586594,-1.63292158401011,-2.9843563304134,3,34
1184,5,Gal4,3.27769150212531,-5.78674648882706,-4.67033896937181,4,34
1185,5,Gal4,3.51245870191517,-6.11484536933073,-4.47723228043034,5,34
1186,5,Gal4,3.98707041361799,-4.78571614880636,-5.99643974546166,6,34
1187,5,Gal4,2.34361127618697,-3.09273281111611,-1.85131395211405,7,34
1188,5,Gal4,3.63843863261879,-4.8671173947096,-6.22021621157619,8,34
1189,5,Gal4,3.11687943919785,-4.08928226927495,-2.93227888336187,9,34
1190,5,Gal4,1.42172938086367,-0.993832200176929,-1.4950793613069,10,34
1191,5,Gal4,3.26974537919798,-4.48181664558929,-5.4026833535903,1,37
1192,5,Gal4,3.43150023188716,-3.93431477467731,-5.03094329055044,2,37
1193,5,Gal4,3.81223896264156,-2.99579231159927,-4.0511722048457,3,37
1194,5,Gal4,4.04920490091305,-1.27221848638256,-2.31558030545677,4,37
1195,5,Gal4,3.12434549357628,-5.35250476606202,-5.24856178208004,5,37
1196,5,Gal4,3.54094884836975,-5.80597103336048,-4.5039159731984,6,37
1197,5,Gal4,3.92779335334401,-4.67716857606791,-6.14925093539148,7,37
1198,5,Gal4,2.37835505880398,-3.15834992239107,-2.08690082408496,8,37
1199,5,Gal4,3.64254583014288,-5.092459029595,-6.24622965211273,9,37
1200,5,Gal4,3.11371088980498,-3.85389414009763,-2.9961086003408,10,37
1201,5,Gal4,1.38457257654511,-0.996840199515912,-1.47795939200748,1,40
1202,5,Gal4,3.48486493026012,-4.41642136892528,-4.79628919251179,2,40
1203,5,Gal4,3.55521655651886,-4.10016682166198,-5.14094458225492,3,40
1204,5,Gal4,3.54031174965344,-2.94550793995815,-3.71339850506836,4,40
1205,5,Gal4,4.77734547677602,-1.68865351424832,-1.58849620900393,5,40
1206,5,Gal4,3.28408631023284,-5.54340320958154,-4.54091558976797,6,40
1207,5,Gal4,3.46363788757243,-5.88970442185757,-4.44175911114807,7,40
1208,5,Gal4,3.82660338208029,-4.43314444555762,-6.14998893687776,8,40
1209,5,Gal4,2.40234760492797,-3.13365874170121,-1.86899070896311,9,40
1210,5,Gal4,3.58075039137277,-5.04749773672744,-6.32834679393394,10,40
1211,5,Gal4,3.30550629473085,-3.75507082910344,-2.85532559960236,1,44
1212,5,Gal4,1.63543360131259,-1.01301159921095,-1.20605032776166,2,44
1213,5,Gal4,3.52029411079397,-4.06903879143237,-4.95412237516894,3,44
1214,5,Gal4,3.5238358979287,-3.43724120289402,-6.72761677092033,4,44
1215,5,Gal4,3.40384297389726,-2.892392774445,-3.58843202930242,5,44
1216,5,Gal4,4.73489244159757,-1.83315153749635,-2.09769882410429,6,44
1217,5,Gal4,3.58776092773818,-5.84163971995656,-4.75804323171208,7,44
1218,5,Gal4,3.1655935914092,-6.31222536979677,-4.44840983316135,8,44
1219,5,Gal4,3.82276186649512,-4.44917908524312,-6.11477208148089,9,44
1220,5,Gal4,2.50907410595309,-3.40973999730252,-2.05191980637879,10,44
1221,5,Gal4,3.81955478187114,-5.01930529527571,-6.26768955571142,1,47
1222,5,Gal4,3.15304224871841,-3.72682622063431,-3.0573724472909,2,47
1223,5,Gal4,1.38734218911105,-1.04973169803313,-1.51965427853114,3,47
1224,5,Gal4,3.46958840722663,-4.01694472287962,-5.20943416297878,4,47
1225,5,Gal4,3.26594864925097,-3.61457599193939,-5.151618233948,5,47
1226,5,Gal4,3.37903396102117,-3.2940221611412,-3.80541633236614,6,47
1227,5,Gal4,4.77790552441122,-2.28006519643375,-2.29588225141754,7,47
1228,5,Gal4,3.23231052988256,-5.77397817936673,-4.54417652326679,8,47
1229,5,Gal4,3.55086735869958,-6.36753200927375,-4.76372279591205,9,47
1230,5,Gal4,3.73413508089295,-4.35596762673265,-6.15137381235337,10,47
1231,5,Gal4,2.36017844619319,-3.26815011575615,-2.04818731736213,1,53
1232,5,Gal4,3.84637307949857,-4.6544144558482,-6.43057596714721,2,53
1233,5,Gal4,3.05785086418371,-4.17092461879631,-2.84058929650262,3,53
1234,5,Gal4,1.43239997393298,-0.961600334040447,-1.47627333624114,4,53
1235,5,Gal4,3.45532387192776,-4.09452776628616,-4.84098634462929,5,53
1236,5,Gal4,3.60142386326012,-3.79011505212122,-5.09278293476235,6,53
1237,5,Gal4,3.63012903020303,-3.01001964531383,-3.47594389756118,7,53
1238,5,Gal4,4.52333284988789,-1.75890990384328,-3.34910030483301,8,53
1239,5,Gal4,3.26958819464587,-5.57231536811233,-4.77305110093438,9,53
1240,5,Gal4,3.15570668354252,-5.53585094816485,-4.40629591414061,10,53
1241,5,Gal4,3.96167847717885,-4.38654421501416,-6.05919296905891,1,55
1242,5,Gal4,2.50872707660802,-3.15604071153385,-1.82362391608782,2,55
1243,5,Gal4,3.78485461809707,-4.81105317309538,-6.22386038816392,3,55
1244,5,Gal4,3.45652045277215,-3.78052530494897,-3.261703045872,4,55
1245,5,Gal4,1.49643823191712,-1.04960092358866,-1.22441570129276,5,55
1246,5,Gal4,3.6841632441451,-3.91390793447213,-4.7972325211272,6,55
1247,5,Gal4,3.6255343962823,-3.90973682213383,-5.29223838423158,7,55
1248,5,Gal4,3.63212968543393,-2.87390278242761,-3.87998867017134,8,55
1249,5,Gal4,4.85244675917628,-1.88897772508475,-2.632456575004,9,55
1250,5,Gal4,3.35028679446393,-5.58122036434749,-4.71224853215624,10,55
1251,5,Gal4,3.76047924257724,-5.96963650600384,-4.33394709759624,1,57
1252,5,Gal4,4.07426337440831,-4.13195273645425,-5.91378895508067,2,57
1253,5,Gal4,2.38929096176724,-3.07520690802878,-1.82765396893661,3,57
1254,5,Gal4,3.76032808004866,-4.88611950866996,-6.19545696628209,4,57
1255,5,Gal4,3.34238839771605,-3.78347240945515,-3.07464270211959,5,57
1256,5,Gal4,1.30917782740787,-1.06269473964726,-1.50378826289548,6,57
1257,5,Gal4,3.7619719279915,-4.4376800994261,-5.18476465698579,7,57
1258,5,Gal4,3.63887133174244,-3.76534593656927,-4.93394247473048,8,57
1259,5,Gal4,3.60931837020295,-3.12446986243981,-3.56285569679512,9,57
1260,5,Gal4,4.79123144362764,-2.04312297145805,-2.75099772035156,10,57
1261,5,CKO,1.51477256838212,-1.19385412320659,-0.690520343851756,1,27
1262,5,CKO,5.25911353900178,-5.35809366098267,-4.52464854927601,2,27
1263,5,CKO,2.86126046743021,-5.58278675908478,-5.60891093096097,3,27
1264,5,CKO,4.27569556963919,-4.55221498335173,-6.35740881640705,4,27
1265,5,CKO,3.22391665129909,-4.60247362530627,-4.18347937130745,5,27
1266,5,CKO,4.83000602569554,-5.61732146968875,-3.3779968881111,6,27
1267,5,CKO,4.62113935388302,-4.60512220879061,-4.63048754518649,7,27
1268,5,CKO,4.49331432662552,-4.67329061025625,-4.10844951289708,8,27
1269,5,CKO,6.14973934774209,-7.43172369146756,-4.75831188716338,9,27
1270,5,CKO,4.57268317795118,-5.37377790081088,-5.32501428324004,10,27
1271,5,CKO,4.34690996425172,-3.94519790030384,-5.05421118417132,1,31
1272,5,CKO,4.94955344853415,-5.15771167638222,-5.35004527791863,2,31
1273,5,CKO,1.47133933548025,-1.11748467854987,-0.806584825387971,3,31
1274,5,CKO,5.57058180540961,-5.41667492859981,-4.49734749130633,4,31
1275,5,CKO,2.85505553911839,-5.34450447142795,-5.09473908834411,5,31
1276,5,CKO,4.08296574517912,-5.2235512197186,-6.54470403166518,6,31
1277,5,CKO,3.37768127052026,-4.32323529407737,-4.16245088230089,7,31
1278,5,CKO,4.44778389867782,-5.68605066598972,-3.79806664487169,8,31
1279,5,CKO,4.49815449729055,-4.87046572859086,-4.68682818361192,9,31
1280,5,CKO,4.43316622440578,-4.51320837537467,-3.91894143470941,10,31
1281,5,CKO,5.89300675645836,-7.34026529368217,-4.53638473472407,1,33
1282,5,CKO,4.21292371598891,-5.39451258795955,-4.47654333949285,2,33
1283,5,CKO,4.0613649451514,-4.55934174678145,-4.97278120404809,3,33
1284,5,CKO,4.8922267585953,-5.28049208691384,-5.1093790824588,4,33
1285,5,CKO,1.31649501323558,-1.1225149896864,-1.18228863438445,5,33
1286,5,CKO,5.46412904194119,-5.26917836651077,-5.03344850487062,6,33
1287,5,CKO,3.18398816521173,-5.07437966020338,-5.46309547820677,7,33
1288,5,CKO,3.89260892259058,-5.38727334916271,-6.70067367063113,8,33
1289,5,CKO,3.41611864523214,-3.94561149862771,-3.93210250197068,9,33
1290,5,CKO,4.29717739432897,-5.5728309978484,-3.9398293029133,10,33
1291,5,CKO,3.98456016347971,-4.97241834911829,-4.78620391306885,1,35
1292,5,CKO,4.42158218531421,-4.91252538613902,-3.86925288423038,2,35
1293,5,CKO,5.9620690572739,-7.46035984712937,-4.64246221536862,3,35
1294,5,CKO,4.35478319036215,-5.48949306060069,-4.70349066601911,4,35
1295,5,CKO,3.81093913645736,-4.74607333144219,-5.08030720823026,5,35
1296,5,CKO,4.87098301841615,-5.32384098156507,-5.14175658147703,6,35
1297,5,CKO,1.35546068872245,-1.03257946715172,-0.82563061488858,7,35
1298,5,CKO,5.53593983709764,-5.23812970875117,-4.72237569158893,8,35
1299,5,CKO,3.13943477339502,-5.1017969712464,-5.08840913598971,9,35
1300,5,CKO,3.87985432141281,-5.04156743275964,-6.72784731385404,10,35
1301,5,CKO,3.4266535878183,-4.39528169176153,-3.88041573694493,1,39
1302,5,CKO,4.30439038037461,-5.72788716476522,-3.35107244229604,2,39
1303,5,CKO,3.98200661554301,-5.10152289585976,-4.7523358787386,3,39
1304,5,CKO,4.35007837871709,-4.75952927535562,-3.99281927905628,4,39
1305,5,CKO,6.02436042325525,-7.36074207353121,-4.44723459439997,5,39
1306,5,CKO,4.20509582932891,-5.20859576520328,-4.76229617725499,6,39
1307,5,CKO,3.84736930177593,-4.63822771932014,-5.1302129138979,7,39
1308,5,CKO,4.86558186339523,-5.3359387418756,-5.27093382577843,8,39
1309,5,CKO,1.54950798353318,-1.04742715747858,-0.792669438236794,9,39
1310,5,CKO,5.5096390315434,-5.47202872077618,-4.76989251529028,10,39
1311,5,CKO,3.22536970468621,-4.9479042962517,-5.14881003347302,1,46
1312,5,CKO,3.69796809512041,-5.49874357802552,-6.84284652363327,2,46
1313,5,CKO,3.16577499185675,-4.14904661348752,-4.26466144957909,3,46
1314,5,CKO,4.45290176133012,-5.84688332460379,-3.63609518894102,4,46
1315,5,CKO,4.03438799235269,-4.97512993731164,-4.77101498563463,5,46
1316,5,CKO,4.38203348252932,-4.70117519055427,-4.00348155675996,6,46
1317,5,CKO,5.96936758902501,-7.31087101739525,-4.54081435540955,7,46
1318,5,CKO,4.34937392679255,-5.40946339698001,-4.78900320863264,8,46
1319,5,CKO,3.90377450728062,-4.67556369557005,-5.1002622683743,9,46
1320,5,CKO,4.96746095822019,-5.45643666064994,-5.3466652619203,10,46
1321,5,CKO,1.31773747166389,-1.04523919879146,-0.820089132431608,1,48
1322,5,CKO,5.48365941115925,-5.30853126325811,-4.65904881953209,2,48
1323,5,CKO,3.46850883486937,-5.24175877222983,-5.19874398075458,3,48
1324,5,CKO,3.63476726273137,-5.46247879014451,-6.94210221691797,4,48
1325,5,CKO,3.19884387533467,-4.27230296020227,-3.53548376543301,5,48
1326,5,CKO,4.02476276947995,-6.01419959239433,-3.32241330168544,6,48
1327,5,CKO,3.92129925952261,-5.06372525214652,-4.73970443504138,7,48
1328,5,CKO,4.36648728027414,-4.43219354089675,-4.48978253683795,8,48
1329,5,CKO,5.93790592049124,-7.55600073281733,-4.66350034873573,9,48
1330,5,CKO,4.23468852917956,-5.45869671768677,-4.60505394635434,10,48
1331,5,CKO,3.81605852381561,-4.51662473324418,-5.15168555466528,1,50
1332,5,CKO,5.00516835060737,-5.54872872301812,-5.37241453551467,2,50
1333,5,CKO,1.31299814312854,-1.17336266862452,-1.07687408456474,3,50
1334,5,CKO,5.5427654276442,-5.3191659669304,-4.66862571362244,4,50
1335,5,CKO,3.30375819081156,-5.03905316586691,-4.90856690546248,5,50
1336,5,CKO,3.92602969427796,-5.61377347513229,-6.67305452529955,6,50
1337,5,CKO,3.36917674818747,-4.43449679702327,-3.91337766644963,7,50
1338,5,CKO,4.36979651925055,-5.7738593788615,-3.59186082870393,8,50
1339,5,CKO,3.99697805697755,-5.11566594825783,-4.85224590073474,9,50
1340,5,CKO,4.44117848782547,-4.8037615630794,-3.95016734929398,10,50
1341,5,CKO,5.98731604393532,-7.35566823444102,-4.73772057754176,1,54
1342,5,CKO,4.31162734959548,-5.43638403027956,-4.66454648882945,2,54
1343,5,CKO,3.84082822756314,-4.44112966836809,-5.15863944117373,3,54
1344,5,CKO,5.17546477439474,-5.50978398678831,-5.23309931833591,4,54
1345,5,CKO,1.35334570696304,-1.1018040655231,-0.864713441607863,5,54
1346,5,CKO,5.58565426880999,-5.32882230114211,-5.03889002808859,6,54
1347,5,CKO,3.17598255207609,-5.31643178187568,-5.24791718463941,7,54
1348,5,CKO,3.88519769472306,-5.57050239194848,-6.73687464110204,8,54
1349,5,CKO,3.41600010993649,-4.40544131669787,-3.85743153096639,9,54
1350,5,CKO,4.19144391110305,-5.88494034609005,-3.66284581100782,10,54
1351,5,CKO,3.86897158390089,-5.15127119147919,-4.73761713253923,1,56
1352,5,CKO,4.37983579399336,-4.46511669256883,-3.96585128022476,2,56
1353,5,CKO,5.93727159117497,-7.46587924279628,-4.66695816426475,3,56
1354,5,CKO,4.40150252073547,-5.16271515020674,-4.85938144381203,4,56
1355,5,CKO,3.79350534717401,-4.43419430744202,-5.18931966812009,5,56
1356,5,CKO,5.05243507776095,-5.87940260680634,-5.59715494544036,6,56
1357,5,CKO,1.47588336476445,-1.03093751011844,-0.764192509514135,7,56
1358,5,CKO,5.54015021297391,-5.34793860844949,-4.53658151824334,8,56
1359,5,CKO,3.29880971498635,-5.32596428368921,-5.13961858163074,9,56
1360,5,CKO,3.925890894118,-5.60183232908811,-6.79809186464941,10,56
1361,5,CKO,3.3259249790843,-4.42744852671262,-3.72950402227206,1,58
1362,5,CKO,4.32888266545811,-5.77010568315979,-3.50022307276236,2,58
1363,5,CKO,4.08587984418588,-5.14219570466572,-4.74114031233721,3,58
1364,5,CKO,4.24739486407958,-4.82699454623402,-3.90569816739602,4,58
1365,5,CKO,5.83937952577831,-7.42154956737581,-4.55173817431656,5,58
1366,5,CKO,4.31956798598502,-5.6030630088915,-4.55070071188968,6,58
1367,5,CKO,3.86788232013102,-4.55091107158759,-5.22200427079358,7,58
1368,5,CKO,5.05917514538212,-5.69318281521541,-5.58943624342197,8,58
1369,5,CKO,1.3523431113364,-1.10537123806388,-0.988468048298121,9,58
1370,5,CKO,5.53049092298494,-5.42008091138773,-4.66588195694764,10,58
1371,5,CKO,3.07102150016607,-5.34204755162246,-4.97049274413923,1,60
1372,5,CKO,3.89800401403505,-5.71732331294788,-6.51087179484526,2,60
1373,5,CKO,3.63585393837988,-4.73524492542083,-3.69353647520973,3,60
1374,5,CKO,4.22104189243036,-5.84362820696374,-3.65165874724392,4,60
1375,5,CKO,3.99619190408393,-5.20432323380237,-4.67261213906822,5,60
1376,5,CKO,4.30190492243847,-4.94128030928602,-4.59413588758442,6,60
1377,5,CKO,5.97774783700616,-7.77803954291011,-4.56552064356095,7,60
1378,5,CKO,4.48867715728009,-5.31376661320701,-4.4541100597445,8,60
1379,5,CKO,3.82482866056431,-4.70277511196683,-5.13355363023098,9,60
1380,5,CKO,5.06664054298631,-5.87111716220241,-5.46441286570268,10,60
